id,company_name,country,website,industry,employees,revenue,evidence_type,evidence_text,confidence_score,source,source_url,discovered_at,created_at,updated_at,is_verified
1,REMA 1000,DK,https://cepheo.dk/vores-kunder/rema-1000-satser-paa-digitalisering-og-langsigtede-fordele/,Dagligvare,15000,,Case Study,361 butikker med hver sit NAV back-office ERP (franchise-model),4,Case Study,https://cepheo.dk/vores-kunder/rema-1000-satser-paa-digitalisering-og-langsigtede-fordele/,2026-03-20T18:08:51.494734Z,2026-03-20 18:08:51,2026-03-20T18:08:51.494792Z,1
2,Meldgaard,DK,https://meldgaard.career.emply.com/da/apply/erfaren-nav-udvikler-til-meldgaard/13wcnk,Transport/Holstebro,500-1000,,Jobopslag,Support udløbet januar 2023! Ansøgningsfrist 30. marts 2026,5,Jobopslag,https://meldgaard.career.emply.com/da/apply/erfaren-nav-udvikler-til-meldgaard/13wcnk,2026-03-20T18:08:51.495021Z,2026-03-20 18:08:51,2026-03-20T18:08:51.495025Z,0
3,INTERLEX Advokater,DK,https://www.jobindex.dk/jobsoegning/storkoebenhavn?q=navision,Advokat,20-50,,Jobopslag,Cap Legal specialmodul til advokater,3,Jobopslag,https://www.jobindex.dk/jobsoegning/storkoebenhavn?q=navision,2026-03-20T18:08:51.495053Z,2026-03-20 18:08:51,2026-03-20T18:08:51.495055Z,0
4,Rønne Havn,DK,Logos Consult referencer,Havn,50-100,,Kundecitat,25 år kunde - længstvarende NAV kunde fundet!,3,Kundecitat,Logos Consult referencer,2026-03-20T18:08:51.495071Z,2026-03-20 18:08:51,2026-03-20T18:08:51.495073Z,1
5,ABC Ikast A/S,DK,Logos Consult referencer,Udlejning,50-100,,Kundecitat,22 år kunde,3,Kundecitat,Logos Consult referencer,2026-03-20T18:08:51.495088Z,2026-03-20 18:08:51,2026-03-20T18:08:51.495090Z,1
6,BC Maskinfabrik A/S,DK,Logos Consult referencer,Maskinfabrik,50-100,,Kundecitat,20 år kunde,3,Kundecitat,Logos Consult referencer,2026-03-20T18:08:51.495104Z,2026-03-20 18:08:51,2026-03-20T18:08:51.495106Z,1
7,Stennevad A/S,DK,Logos Consult referencer,-,50-100,,Kundecitat,,5,Kundecitat,Logos Consult referencer,2026-03-20T18:08:51.495119Z,2026-03-20 18:08:51,2026-03-20T18:08:51.495120Z,1
8,Wennstrom Fuel Systems A/S,DK,Logos Consult referencer,Fuel Systems,50-100,,Kundecitat,Kunde siden 2015,5,Kundecitat,Logos Consult referencer,2026-03-20T18:08:51.495133Z,2026-03-20 18:08:51,2026-03-20T18:08:51.495135Z,1
9,Wennstrom Wash Systems A/S,DK,Logos Consult referencer,Wash Systems,50-100,,Kundecitat,Samme ejer som Fuel Systems,5,Kundecitat,Logos Consult referencer,2026-03-20T18:08:51.495147Z,2026-03-20 18:08:51,2026-03-20T18:08:51.495149Z,1
10,Østjysk Våbenhandel A/S,DK,https://navisupport.dk/,Detail/Våben,50-100,,Kundecitat,NS-Webshop/NS-EDI/NS-Webtid tillægsløsninger,3,Kundecitat,https://navisupport.dk/,2026-03-20T18:08:51.495161Z,2026-03-20 18:08:51,2026-03-20T18:08:51.495162Z,1
11,OBH-Gruppen A/S,DK,Logos Consult referencer,Ingeniør,200-500,,Case Study,Rådgivende ingeniører,4,Case Study,Logos Consult referencer,2026-03-20T18:08:51.495175Z,2026-03-20 18:08:51,2026-03-20T18:08:51.495177Z,1
12,Aalborg Lufthavn,DK,https://jcd.dk/cases/komplet-pos-kasseapparater-og-kasseloesning-i-dynamics-nav-hos-aalborg-lufthavn/,Lufthavn,500-1000,,Case Study,1,3,Case Study,https://jcd.dk/cases/komplet-pos-kasseapparater-og-kasseloesning-i-dynamics-nav-hos-aalborg-lufthavn/,2026-03-20T18:08:51.495190Z,2026-03-20 18:08:51,2026-03-20T18:08:51.495192Z,1
13,HiFi Klubben,DK,https://jcd.dk/cases/multi-channel-microsoft-dynamics-nav-pos-og-ls-retail-hos-hifi-klubben/,Detail/Elektronik,500-1000,,Case Study,Multi-channel,3,Case Study,https://jcd.dk/cases/multi-channel-microsoft-dynamics-nav-pos-og-ls-retail-hos-hifi-klubben/,2026-03-20T18:08:51.495204Z,2026-03-20 18:08:51,2026-03-20T18:08:51.495206Z,1
14,inco,DK,https://jcd.dk/cases/pos-hardware-microsoft-dynamics-nav-med-integration-til-ls-retail-hos-inco/,Finans,200-500,,Case Study,Finans/lager/logistik,3,Case Study,https://jcd.dk/cases/pos-hardware-microsoft-dynamics-nav-med-integration-til-ls-retail-hos-inco/,2026-03-20T18:08:51.495219Z,2026-03-20 18:08:51,2026-03-20T18:08:51.495220Z,1
15,NJORD Law Firm,DK,https://twentyfour.dk/integrationer/microsoft-dynamics-nav/,Advokat,100-200,,Case Study,NAV integration,4,Case Study,https://twentyfour.dk/integrationer/microsoft-dynamics-nav/,2026-03-20T18:08:51.495233Z,2026-03-20 18:08:51,2026-03-20T18:08:51.495234Z,1
16,Løwener,DK,https://koebt.com/en/cases/loewener/,Grossist,100-200,,Case Study,API-integration mellem webshop og NAV,3,Case Study,https://koebt.com/en/cases/loewener/,2026-03-20T18:08:51.495260Z,2026-03-20 18:08:51,2026-03-20T18:08:51.495262Z,1
17,Nupo,DK,https://koebt.com/cases/nupo/,Sundhed/Vægttab,200-500,,Case Study,,3,Case Study,https://koebt.com/cases/nupo/,2026-03-20T18:08:51.495276Z,2026-03-20 18:08:51,2026-03-20T18:08:51.495277Z,1
18,HOFOR,DK,https://dk.linkedin.com/jobs/view/praktikforl%C3%B8b-inden-for-it-projektledelse-digital-forretningsr%C3%A5dgivning-og-salg-at-twentyfour-4336041597,Energi/Forsyning,500-1000,,Case Study,,4,Case Study,https://dk.linkedin.com/jobs/view/praktikforl%C3%B8b-inden-for-it-projektledelse-digital-forretningsr%C3%A5dgivning-og-salg-at-twentyfour-4336041597,2026-03-20T18:08:51.495290Z,2026-03-20 18:08:51,2026-03-20T18:08:51.495292Z,1
19,DR Koncerthuset,DK,https://dk.linkedin.com/jobs/view/praktikforl%C3%B8b-inden-for-it-projektledelse-digital-forretningsr%C3%A5dgivning-og-salg-at-twentyfour-4336041597,Kultur,200-500,,Case Study,,4,Case Study,https://dk.linkedin.com/jobs/view/praktikforl%C3%B8b-inden-for-it-projektledelse-digital-forretningsr%C3%A5dgivning-og-salg-at-twentyfour-4336041597,2026-03-20T18:08:51.495305Z,2026-03-20 18:08:51,2026-03-20T18:08:51.495307Z,1
20,Ørsted,DK,https://dk.linkedin.com/jobs/view/praktikforl%C3%B8b-inden-for-it-projektledelse-digital-forretningsr%C3%A5dgivning-og-salg-at-twentyfour-4336041597,Energi,7000+,,Case Study,Global energikoncern,4,Case Study,https://dk.linkedin.com/jobs/view/praktikforl%C3%B8b-inden-for-it-projektledelse-digital-forretningsr%C3%A5dgivning-og-salg-at-twentyfour-4336041597,2026-03-20T18:08:51.495319Z,2026-03-20 18:08:51,2026-03-20T18:08:51.495321Z,1
21,Blast Pro Series,DK,https://dk.linkedin.com/jobs/view/praktikforl%C3%B8b-inden-for-it-projektledelse-digital-forretningsr%C3%A5dgivning-og-salg-at-twentyfour-4336041597,Events,50-100,,Case Study,,4,Case Study,https://dk.linkedin.com/jobs/view/praktikforl%C3%B8b-inden-for-it-projektledelse-digital-forretningsr%C3%A5dgivning-og-salg-at-twentyfour-4336041597,2026-03-20T18:08:51.495333Z,2026-03-20 18:08:51,2026-03-20T18:08:51.495335Z,1
22,Lomax,DK,https://obtain.dk/kunde-cases/kunde-case-med-lomax/,Detail/Gør-det-selv,500-1000,,Kundecitat,1.800 ordrer/dagen,4,Kundecitat,https://obtain.dk/kunde-cases/kunde-case-med-lomax/,2026-03-20T18:08:51.495348Z,2026-03-20 18:08:51,2026-03-20T18:08:51.495349Z,1
23,Synoptik,DK,https://navilogic.dk/succeshistorier/,Detail/Optik,500-1000,,Succeshistorie,Svensk betalingsløsning udviklet,3,Succeshistorie,https://navilogic.dk/succeshistorier/,2026-03-20T18:08:51.495362Z,2026-03-20 18:08:51,2026-03-20T18:08:51.495364Z,0
24,Udenrigsministeriet,DK,https://navilogic.dk/,Offentlig,500+,,Partner kunde,120 repræsentationer globalt,3,Partner kunde,https://navilogic.dk/,2026-03-20T18:08:51.495405Z,2026-03-20 18:08:51,2026-03-20T18:08:51.495407Z,0
25,Ny Carlsberg Glyptotek,DK,https://twentyfour.dk/integrationer/microsoft-dynamics-nav/,Museum/Kultur,200-500,,Case Study,,3,Case Study,https://twentyfour.dk/integrationer/microsoft-dynamics-nav/,2026-03-20T18:08:51.495421Z,2026-03-20 18:08:51,2026-03-20T18:08:51.495422Z,1
26,Danske Vandværker,DK,https://www.facebook.com/twentyfourdigitalagency/posts/for-mere-end-2000-danske-vandv%c3%a6rker-har-vi-s%c3%b8rget-for-at-kritisk-data-indrapporteres-direkte-til-microsoft-dynamics-nav-via-umbraco/594323423940455/,Forsyning,2000+,,Case Study,2.000+ vandværker!,3,Case Study,https://www.facebook.com/twentyfourdigitalagency/posts/for-mere-end-2000-danske-vandv%c3%a6rker-har-vi-s%c3%b8rget-for-at-kritisk-data-indrapporteres-direkte-til-microsoft-dynamics-nav-via-umbraco/594323423940455/,2026-03-20T18:08:51.495435Z,2026-03-20 18:08:51,2026-03-20T18:08:51.495437Z,1
27,Bella Center,DK,https://twentyfour.dk/integrationer/microsoft-dynamics-nav/,Konference/Events,500-1000,,Case Study,,3,Case Study,https://twentyfour.dk/integrationer/microsoft-dynamics-nav/,2026-03-20T18:08:51.495452Z,2026-03-20 18:08:51,2026-03-20T18:08:51.495454Z,1
28,Rigsarkivet,DK,https://twentyfour.dk/integrationer/microsoft-dynamics-nav/,Offentlig,200-500,,Case Study,,3,Case Study,https://twentyfour.dk/integrationer/microsoft-dynamics-nav/,2026-03-20T18:08:51.495467Z,2026-03-20 18:08:51,2026-03-20T18:08:51.495469Z,1
29,Rigshospitalet,DK,https://twentyfour.dk/integrationer/microsoft-dynamics-nav/,Sundhed,1000+,,Case Study,,3,Case Study,https://twentyfour.dk/integrationer/microsoft-dynamics-nav/,2026-03-20T18:08:51.495481Z,2026-03-20 18:08:51,2026-03-20T18:08:51.495483Z,1
30,Greenland Travel,DK,https://twentyfour.dk/integrationer/microsoft-dynamics-nav/,Rejse,200-500,,Case Study,,3,Case Study,https://twentyfour.dk/integrationer/microsoft-dynamics-nav/,2026-03-20T18:08:51.495495Z,2026-03-20 18:08:51,2026-03-20T18:08:51.495497Z,1
31,Økonomistyrelsen,DK,https://oes.dk/digitale-loesninger/navision-stat/,Offentlig,500+,,Offentlig,Overordnet ansvar for Navision Stat,5,Offentlig,https://oes.dk/digitale-loesninger/navision-stat/,2026-03-20T18:08:51.495509Z,2026-03-20 18:08:51,2026-03-20T18:08:51.495511Z,0
32,Københavns Universitet,DK,https://medarbejdere.au.dk/institutter/oekonomiportalen/oekonomisystemer/navision/,Uddannelse,5000+,,Offentlig,,5,Offentlig,https://medarbejdere.au.dk/institutter/oekonomiportalen/oekonomisystemer/navision/,2026-03-20T18:08:51.495523Z,2026-03-20 18:08:51,2026-03-20T18:08:51.495525Z,0
33,Aarhus Universitet,DK,https://medarbejdere.au.dk/institutter/oekonomiportalen/oekonomisystemer/navision/,Uddannelse,5000+,,Offentlig,,5,Offentlig,https://medarbejdere.au.dk/institutter/oekonomiportalen/oekonomisystemer/navision/,2026-03-20T18:08:51.495538Z,2026-03-20 18:08:51,2026-03-20T18:08:51.495540Z,0
34,Domstolsstyrelsen,DK,https://oes.dk/digitale-loesninger/navision-stat/,Offentlig,500+,,Offentlig,,5,Offentlig,https://oes.dk/digitale-loesninger/navision-stat/,2026-03-20T18:08:51.495553Z,2026-03-20 18:08:51,2026-03-20T18:08:51.495554Z,0
35,Folketinget,DK,https://oes.dk/digitale-loesninger/navision-stat/,Offentlig,500+,,Offentlig,,5,Offentlig,https://oes.dk/digitale-loesninger/navision-stat/,2026-03-20T18:08:51.495567Z,2026-03-20 18:08:51,2026-03-20T18:08:51.495568Z,0
36,Rigsrevisionen,DK,https://oes.dk/digitale-loesninger/navision-stat/,Offentlig,200-500,,Offentlig,,5,Offentlig,https://oes.dk/digitale-loesninger/navision-stat/,2026-03-20T18:08:51.495581Z,2026-03-20 18:08:51,2026-03-20T18:08:51.495583Z,0
37,Helsam,DK,https://abakion.dk/,Apotek,90,,Case Study,90 medarbejdere,5,Case Study,https://abakion.dk/,2026-03-20T18:08:51.495596Z,2026-03-20 18:08:51,2026-03-20T18:08:51.495598Z,1
38,Københavns Professionshøjskole,DK,Professionshøjskole,Uddannelse,-,,Offentlig,,5,Offentlig,Professionshøjskole,2026-03-20T18:08:51.495610Z,2026-03-20 18:08:51,2026-03-20T18:08:51.495612Z,0
39,Professionshøjskolen Absalon,DK,Professionshøjskole,Uddannelse,-,,Offentlig,,5,Offentlig,Professionshøjskole,2026-03-20T18:08:51.495625Z,2026-03-20 18:08:51,2026-03-20T18:08:51.495627Z,0
40,UCL Erhvervsakademi og Professionshøjskole,DK,Erhvervsakademi + PH,Uddannelse,-,,Offentlig,,5,Offentlig,Erhvervsakademi + PH,2026-03-20T18:08:51.495639Z,2026-03-20 18:08:51,2026-03-20T18:08:51.495641Z,0
41,University College SYD,DK,Sydjyllands største uddannelsesinstitution,Uddannelse,-,,Offentlig,,5,Offentlig,Sydjyllands største uddannelsesinstitution,2026-03-20T18:08:51.495655Z,2026-03-20 18:08:51,2026-03-20T18:08:51.495657Z,0
42,VIA University College,DK,Professionshøjskole,Uddannelse,-,,Offentlig,,5,Offentlig,Professionshøjskole,2026-03-20T18:08:51.495669Z,2026-03-20 18:08:51,2026-03-20T18:08:51.495671Z,0
43,University College Nordjylland,DK,Professionshøjskole,Uddannelse,-,,Offentlig,,5,Offentlig,Professionshøjskole,2026-03-20T18:08:51.495683Z,2026-03-20 18:08:51,2026-03-20T18:08:51.495684Z,0
44,Danmarks Medie- og Journalisthøjskole,DK,Medie- og journalisthøjskole,Uddannelse,-,,Offentlig,,5,Offentlig,Medie- og journalisthøjskole,2026-03-20T18:08:51.495697Z,2026-03-20 18:08:51,2026-03-20T18:08:51.495698Z,0
45,Den Frie Lærerskole,DK,Privat lærerskole,Uddannelse,-,,Offentlig,,5,Offentlig,Privat lærerskole,2026-03-20T18:08:51.495711Z,2026-03-20 18:08:51,2026-03-20T18:08:51.495712Z,0
46,Aalborg Universitet,DK,Teknisk universitet,Uddannelse,-,,Offentlig,,5,Offentlig,Teknisk universitet,2026-03-20T18:08:51.495725Z,2026-03-20 18:08:51,2026-03-20T18:08:51.495726Z,0
47,Copenhagen Business School,DK,Handelshøjskole,Uddannelse,-,,Offentlig,,5,Offentlig,Handelshøjskole,2026-03-20T18:08:51.495739Z,2026-03-20 18:08:51,2026-03-20T18:08:51.495740Z,0
48,DTU,DK,Danmarks Tekniske Universitet,Uddannelse,-,,Offentlig,,5,Offentlig,Danmarks Tekniske Universitet,2026-03-20T18:08:51.495752Z,2026-03-20 18:08:51,2026-03-20T18:08:51.495754Z,0
49,Roskilde Universitet,DK,Tværfagligt universitet,Uddannelse,-,,Offentlig,,5,Offentlig,Tværfagligt universitet,2026-03-20T18:08:51.495783Z,2026-03-20 18:08:51,2026-03-20T18:08:51.495785Z,0
50,Syddansk Universitet,DK,Største universitet i Syddanmark,Uddannelse,-,,Offentlig,,5,Offentlig,Største universitet i Syddanmark,2026-03-20T18:08:51.495798Z,2026-03-20 18:08:51,2026-03-20T18:08:51.495799Z,0
51,IT-Universitetet,DK,IT-fagligt universitet,Uddannelse,-,,Offentlig,,5,Offentlig,IT-fagligt universitet,2026-03-20T18:08:51.495812Z,2026-03-20 18:08:51,2026-03-20T18:08:51.495813Z,0
52,Aalborg Universitetshospital,DK,Universitetshospital,Sundhed,-,,Offentlig,,5,Offentlig,Universitetshospital,2026-03-20T18:08:51.495826Z,2026-03-20 18:08:51,2026-03-20T18:08:51.495828Z,0
53,Aarhus Universitetshospital,DK,Universitetshospital,Sundhed,-,,Offentlig,,5,Offentlig,Universitetshospital,2026-03-20T18:08:51.495841Z,2026-03-20 18:08:51,2026-03-20T18:08:51.495842Z,0
54,Odense Universitetshospital,DK,Universitetshospital,Sundhed,-,,Offentlig,,5,Offentlig,Universitetshospital,2026-03-20T18:08:51.495855Z,2026-03-20 18:08:51,2026-03-20T18:08:51.495856Z,0
55,Region Hovedstaden,DK,Region,Offentlig,-,,Offentlig,,5,Offentlig,Region,2026-03-20T18:08:51.495869Z,2026-03-20 18:08:51,2026-03-20T18:08:51.495870Z,0
56,Region Midtjylland,DK,Region,Offentlig,-,,Offentlig,,5,Offentlig,Region,2026-03-20T18:08:51.495883Z,2026-03-20 18:08:51,2026-03-20T18:08:51.495885Z,0
57,Region Nordjylland,DK,Region,Offentlig,-,,Offentlig,,5,Offentlig,Region,2026-03-20T18:08:51.495897Z,2026-03-20 18:08:51,2026-03-20T18:08:51.495899Z,0
58,Region Sjælland,DK,Region,Offentlig,-,,Offentlig,,5,Offentlig,Region,2026-03-20T18:08:51.495911Z,2026-03-20 18:08:51,2026-03-20T18:08:51.495913Z,0
59,Region Syddanmark,DK,Region,Offentlig,-,,Offentlig,,5,Offentlig,Region,2026-03-20T18:08:51.495925Z,2026-03-20 18:08:51,2026-03-20T18:08:51.495927Z,0
60,Skattestyrelsen,DK,Skat,Offentlig,-,,Offentlig,,5,Offentlig,Skat,2026-03-20T18:08:51.495939Z,2026-03-20 18:08:51,2026-03-20T18:08:51.495941Z,0
61,Styrelsen for Arbejdsmarked og Rekruttering,DK,STAR,Offentlig,-,,Offentlig,,5,Offentlig,STAR,2026-03-20T18:08:51.495953Z,2026-03-20 18:08:51,2026-03-20T18:08:51.495954Z,0
62,Styrelsen for Undervisning og Kvalitet,DK,Styrelse,Offentlig,-,,Offentlig,,5,Offentlig,Styrelse,2026-03-20T18:08:51.495967Z,2026-03-20 18:08:51,2026-03-20T18:08:51.495968Z,0
63,GEUS,DK,Geologisk undersøgelse,Offentlig,-,,Offentlig,,5,Offentlig,Geologisk undersøgelse,2026-03-20T18:08:51.495982Z,2026-03-20 18:08:51,2026-03-20T18:08:51.495984Z,0
64,DMI,DK,Danmarks Meteorologiske Institut,Offentlig,-,,Offentlig,,5,Offentlig,Danmarks Meteorologiske Institut,2026-03-20T18:08:51.495997Z,2026-03-20 18:08:51,2026-03-20T18:08:51.495998Z,0
65,Kulturstyrelsen,DK,Kultur,Offentlig,-,,Offentlig,,5,Offentlig,Kultur,2026-03-20T18:08:51.496011Z,2026-03-20 18:08:51,2026-03-20T18:08:51.496012Z,0
66,Slots- og Kulturstyrelsen,DK,Slotte og kultur,Offentlig,-,,Offentlig,,5,Offentlig,Slotte og kultur,2026-03-20T18:08:51.496025Z,2026-03-20 18:08:51,2026-03-20T18:08:51.496027Z,0
67,Sundhedsstyrelsen,DK,Sundhed,Offentlig,-,,Offentlig,,5,Offentlig,Sundhed,2026-03-20T18:08:51.496039Z,2026-03-20 18:08:51,2026-03-20T18:08:51.496041Z,0
68,Styrelsen for Patientsikkerhed,DK,Patientsikkerhed,Offentlig,-,,Offentlig,,5,Offentlig,Patientsikkerhed,2026-03-20T18:08:51.496054Z,2026-03-20 18:08:51,2026-03-20T18:08:51.496055Z,0
69,Fødevarestyrelsen,DK,Fødevarer,Offentlig,-,,Offentlig,,5,Offentlig,Fødevarer,2026-03-20T18:08:51.496068Z,2026-03-20 18:08:51,2026-03-20T18:08:51.496069Z,0
70,Naturstyrelsen,DK,Natur og miljø,Offentlig,-,,Offentlig,,5,Offentlig,Natur og miljø,2026-03-20T18:08:51.496082Z,2026-03-20 18:08:51,2026-03-20T18:08:51.496084Z,0
71,Politiets Nationale Center,DK,Politi,Offentlig,-,,Offentlig,,5,Offentlig,Politi,2026-03-20T18:08:51.496096Z,2026-03-20 18:08:51,2026-03-20T18:08:51.496098Z,0
72,Beredskabsstyrelsen,DK,Beredskab,Offentlig,-,,Offentlig,,5,Offentlig,Beredskab,2026-03-20T18:08:51.496110Z,2026-03-20 18:08:51,2026-03-20T18:08:51.496112Z,0
73,Forsvaret,DK,Forsvar,Offentlig,-,,Offentlig,,5,Offentlig,Forsvar,2026-03-20T18:08:51.496125Z,2026-03-20 18:08:51,2026-03-20T18:08:51.496126Z,0
74,Forsvarsministeriet,DK,Ministerium,Offentlig,-,,Offentlig,,5,Offentlig,Ministerium,2026-03-20T18:08:51.496139Z,2026-03-20 18:08:51,2026-03-20T18:08:51.496140Z,0
75,Finansministeriet,DK,Finans,Offentlig,-,,Offentlig,,5,Offentlig,Finans,2026-03-20T18:08:51.496152Z,2026-03-20 18:08:51,2026-03-20T18:08:51.496154Z,0
76,Datatilsynet,DK,Databeskyttelse,Offentlig,-,,Offentlig,,5,Offentlig,Databeskyttelse,2026-03-20T18:08:51.496167Z,2026-03-20 18:08:51,2026-03-20T18:08:51.496168Z,0
77,Det Kongelige Bibliotek,DK,Bibliotek,Offentlig,-,,Offentlig,,5,Offentlig,Bibliotek,2026-03-20T18:08:51.496181Z,2026-03-20 18:08:51,2026-03-20T18:08:51.496183Z,0
78,Justitsministeriet,DK,Justits,Offentlig,-,,Offentlig,,5,Offentlig,Justits,2026-03-20T18:08:51.496195Z,2026-03-20 18:08:51,2026-03-20T18:08:51.496197Z,0
79,Beskæftigelsesministeriet,DK,Beskæftigelse,Offentlig,-,,Offentlig,,5,Offentlig,Beskæftigelse,2026-03-20T18:08:51.496209Z,2026-03-20 18:08:51,2026-03-20T18:08:51.496211Z,0
80,Social- og Boligstyrelsen,DK,Social og bolig,Offentlig,-,,Offentlig,,5,Offentlig,Social og bolig,2026-03-20T18:08:51.496223Z,2026-03-20 18:08:51,2026-03-20T18:08:51.496225Z,0
81,Klima- Energi- og Forsyningsministeriet,DK,Klima og energi,Offentlig,-,,Offentlig,,5,Offentlig,Klima og energi,2026-03-20T18:08:51.496237Z,2026-03-20 18:08:51,2026-03-20T18:08:51.496239Z,0
82,Transportministeriet,DK,Transport,Offentlig,-,,Offentlig,,5,Offentlig,Transport,2026-03-20T18:08:51.496251Z,2026-03-20 18:08:51,2026-03-20T18:08:51.496253Z,0
83,Skovstyrelsen,DK,Skove,Offentlig,-,,Offentlig,,5,Offentlig,Skove,2026-03-20T18:08:51.496265Z,2026-03-20 18:08:51,2026-03-20T18:08:51.496267Z,0
84,Vandstyrelsen,DK,Vand,Offentlig,-,,Offentlig,,5,Offentlig,Vand,2026-03-20T18:08:51.496279Z,2026-03-20 18:08:51,2026-03-20T18:08:51.496281Z,0
85,Energitilsynet,DK,Energi,Offentlig,-,,Offentlig,,5,Offentlig,Energi,2026-03-20T18:08:51.496293Z,2026-03-20 18:08:51,2026-03-20T18:08:51.496295Z,0
86,Konkurrencestyrelsen,DK,Konkurrence,Offentlig,-,,Offentlig,,5,Offentlig,Konkurrence,2026-03-20T18:08:51.496307Z,2026-03-20 18:08:51,2026-03-20T18:08:51.496309Z,0
87,Erhvervsstyrelsen,DK,Erhverv,Offentlig,-,,Offentlig,,5,Offentlig,Erhverv,2026-03-20T18:08:51.496323Z,2026-03-20 18:08:51,2026-03-20T18:08:51.496324Z,0
88,Patent- og Varemærkestyrelsen,DK,Patenter,Offentlig,-,,Offentlig,,5,Offentlig,Patenter,2026-03-20T18:08:51.496337Z,2026-03-20 18:08:51,2026-03-20T18:08:51.496338Z,0
89,Styrelsen for Forskning og Uddannelse,DK,Forskning,Offentlig,-,,Offentlig,,5,Offentlig,Forskning,2026-03-20T18:08:51.496355Z,2026-03-20 18:08:51,2026-03-20T18:08:51.496357Z,0
90,Danmarks Evalueringsinstitut,DK,Evaluering,Offentlig,-,,Offentlig,,5,Offentlig,Evaluering,2026-03-20T18:08:51.496385Z,2026-03-20 18:08:51,2026-03-20T18:08:51.496389Z,0
91,Akademiet for de Tekniske Videnskaber,DK,Akademi,Offentlig,-,,Offentlig,,5,Offentlig,Akademi,2026-03-20T18:08:51.496409Z,2026-03-20 18:08:51,2026-03-20T18:08:51.496412Z,0
92,Innovationsfonden,DK,Innovation,Offentlig,-,,Offentlig,,5,Offentlig,Innovation,2026-03-20T18:08:51.496430Z,2026-03-20 18:08:51,2026-03-20T18:08:51.496432Z,0
93,Danmarks Frie Forskningsfond,DK,Forskning,Offentlig,-,,Offentlig,,5,Offentlig,Forskning,2026-03-20T18:08:51.496449Z,2026-03-20 18:08:51,2026-03-20T18:08:51.496451Z,0
94,Lægemiddelstyrelsen,DK,Lægemidler,Sundhed,-,,Offentlig,,5,Offentlig,Lægemidler,2026-03-20T18:08:51.496471Z,2026-03-20 18:08:51,2026-03-20T18:08:51.496474Z,0
95,Arbejdstilsynet,DK,Arbejdsmiljø,Offentlig,-,,Offentlig,,5,Offentlig,Arbejdsmiljø,2026-03-20T18:08:51.496494Z,2026-03-20 18:08:51,2026-03-20T18:08:51.496496Z,0
96,Styrelsen for International Rekruttering og Integration,DK,Integration,Offentlig,-,,Offentlig,,5,Offentlig,Integration,2026-03-20T18:08:51.496510Z,2026-03-20 18:08:51,2026-03-20T18:08:51.496511Z,0
97,Flygtningenævnet,DK,Flygtninge,Offentlig,-,,Offentlig,,5,Offentlig,Flygtninge,2026-03-20T18:08:51.496524Z,2026-03-20 18:08:51,2026-03-20T18:08:51.496526Z,0
98,Udlændingestyrelsen,DK,Udlændinge,Offentlig,-,,Offentlig,,5,Offentlig,Udlændinge,2026-03-20T18:08:51.496539Z,2026-03-20 18:08:51,2026-03-20T18:08:51.496540Z,0
99,Klagenævnet for Udbud,DK,Udbud,Offentlig,-,,Offentlig,,5,Offentlig,Udbud,2026-03-20T18:08:51.496553Z,2026-03-20 18:08:51,2026-03-20T18:08:51.496555Z,0
100,Ankenævnet for Forsikring,DK,Forsikring,Offentlig,-,,Offentlig,,5,Offentlig,Forsikring,2026-03-20T18:08:51.496567Z,2026-03-20 18:08:51,2026-03-20T18:08:51.496569Z,0
101,Forbrugerombudsmanden,DK,Forbruger,Offentlig,-,,Offentlig,,5,Offentlig,Forbruger,2026-03-20T18:08:51.496582Z,2026-03-20 18:08:51,2026-03-20T18:08:51.496583Z,0
102,Markedsdomstolen,DK,Markedsføring,Offentlig,-,,Offentlig,,5,Offentlig,Markedsføring,2026-03-20T18:08:51.496596Z,2026-03-20 18:08:51,2026-03-20T18:08:51.496597Z,0
103,Dommerskolen,DK,Dommeruddannelse,Uddannelse,-,,Offentlig,,5,Offentlig,Dommeruddannelse,2026-03-20T18:08:51.496610Z,2026-03-20 18:08:51,2026-03-20T18:08:51.496612Z,0
104,Kriminalforsorgen,DK,Kriminalforsorg,Offentlig,-,,Offentlig,,5,Offentlig,Kriminalforsorg,2026-03-20T18:08:51.496624Z,2026-03-20 18:08:51,2026-03-20T18:08:51.496626Z,0
105,Anklagemyndigheden,DK,Anklager,Offentlig,-,,Offentlig,,5,Offentlig,Anklager,2026-03-20T18:08:51.496682Z,2026-03-20 18:08:51,2026-03-20T18:08:51.496686Z,0
106,Folketingets Ombudsmand,DK,Ombudsmand (allerede i DB),Offentlig,-,,Offentlig,,5,Offentlig,Ombudsmand (allerede i DB),2026-03-20T18:08:51.496707Z,2026-03-20 18:08:51,2026-03-20T18:08:51.496709Z,0
107,Valgretten,DK,Valg,Offentlig,-,,Offentlig,,5,Offentlig,Valg,2026-03-20T18:08:51.496729Z,2026-03-20 18:08:51,2026-03-20T18:08:51.496731Z,0
108,Ministeriet for Fødevarer Landbrug og Fiskeri,DK,Fødevarer og landbrug,Offentlig,-,,Offentlig,,5,Offentlig,Fødevarer og landbrug,2026-03-20T18:08:51.496749Z,2026-03-20 18:08:51,2026-03-20T18:08:51.496752Z,0
109,Kirkeministeriet,DK,Kirke,Offentlig,-,,Offentlig,,5,Offentlig,Kirke,2026-03-20T18:08:51.496789Z,2026-03-20 18:08:51,2026-03-20T18:08:51.496792Z,0
110,Uddannelses- og Forskningsministeriet,DK,Uddannelse og forskning,Offentlig,-,,Offentlig,,5,Offentlig,Uddannelse og forskning,2026-03-20T18:08:51.496815Z,2026-03-20 18:08:51,2026-03-20T18:08:51.496818Z,0
111,Børne- og Undervisningsministeriet,DK,Børn og uddannelse,Offentlig,-,,Offentlig,,5,Offentlig,Børn og uddannelse,2026-03-20T18:08:51.496841Z,2026-03-20 18:08:51,2026-03-20T18:08:51.496843Z,0
112,Indenrigs- og Boligministeriet,DK,Indenrigs og bolig,Offentlig,-,,Offentlig,,5,Offentlig,Indenrigs og bolig,2026-03-20T18:08:51.496861Z,2026-03-20 18:08:51,2026-03-20T18:08:51.496863Z,0
113,Skatteministeriet,DK,Skat,Offentlig,-,,Offentlig,,5,Offentlig,Skat,2026-03-20T18:08:51.496876Z,2026-03-20 18:08:51,2026-03-20T18:08:51.496878Z,0
114,Digitaliseringsstyrelsen,DK,Digitalisering,Offentlig,-,,Offentlig,,5,Offentlig,Digitalisering,2026-03-20T18:08:51.496891Z,2026-03-20 18:08:51,2026-03-20T18:08:51.496893Z,0
115,Geodatastyrelsen,DK,Geodata,Offentlig,-,,Offentlig,,5,Offentlig,Geodata,2026-03-20T18:08:51.496905Z,2026-03-20 18:08:51,2026-03-20T18:08:51.496907Z,0
116,Center for Cybersikkerhed,DK,Cybersikkerhed (Forsvaret),Offentlig,-,,Offentlig,,5,Offentlig,Cybersikkerhed (Forsvaret),2026-03-20T18:08:51.496920Z,2026-03-20 18:08:51,2026-03-20T18:08:51.496921Z,0
117,Forsvarets Efterretningstjeneste,DK,Efterretning,Offentlig,-,,Offentlig,,5,Offentlig,Efterretning,2026-03-20T18:08:51.496934Z,2026-03-20 18:08:51,2026-03-20T18:08:51.496936Z,0
118,Pet,DK,Politiets Efterretningstjeneste,Offentlig,-,,Offentlig,,5,Offentlig,Politiets Efterretningstjeneste,2026-03-20T18:08:51.496955Z,2026-03-20 18:08:51,2026-03-20T18:08:51.496958Z,0
119,Vision Data A/S,DK,https://visiondata.dk/,IT/ERP,-,,Partner,Navision Solution Center,4,Partner,https://visiondata.dk/,2026-03-20T18:08:51.496979Z,2026-03-20 18:08:51,2026-03-20T18:08:51.496982Z,0
120,CURABIS,DK,https://curabis.dk/,IT/ERP,-,,Partner,NAV opgradering specialister,3,Partner,https://curabis.dk/,2026-03-20T18:08:51.497005Z,2026-03-20 18:08:51,2026-03-20T18:08:51.497009Z,0
121,nSales,DK,https://nsales.dk/,IT/ERP,-,,Partner,Navision integration,3,Partner,https://nsales.dk/,2026-03-20T18:08:51.497027Z,2026-03-20 18:08:51,2026-03-20T18:08:51.497029Z,0
122,Navision Planet,DK,https://www.navisionplanet.com/,IT/ERP,-,,Partner,Jubel Thomas Joy,3,Partner,https://www.navisionplanet.com/,2026-03-20T18:08:51.497042Z,2026-03-20 18:08:51,2026-03-20T18:08:51.497044Z,0
123,LiT,DK,https://linkedin.com/,Freelance,-,,Freelance,Startet 2005,3,Freelance,https://linkedin.com/,2026-03-20T18:08:51.497057Z,2026-03-20 18:08:51,2026-03-20T18:08:51.497059Z,0
124,CODEO Nordic ApS,DK,https://linkedin.com/,Integration,2-10,,Partner,Claris FileMaker integration,3,Partner,https://linkedin.com/,2026-03-20T18:08:51.497075Z,2026-03-20 18:08:51,2026-03-20T18:08:51.497078Z,0
125,ERP Software Blog,DK,https://erpsoftwareblog.com/2024/06/nav-support-options/,Media,-,,Media,NAV Support Options After Microsoft's End of Mainstream Support,3,Media,https://erpsoftwareblog.com/2024/06/nav-support-options/,2026-03-20T18:08:51.497099Z,2026-03-20 18:08:51,2026-03-20T18:08:51.497101Z,0
126,Hire Dynamics Developers,DK,https://www.hiredynamicsdevelopers.com/blog/dynamics-nav-support-upgrade-options/,Services,-,,Services,Dynamics NAV Support Upgrade Options,3,Services,https://www.hiredynamicsdevelopers.com/blog/dynamics-nav-support-upgrade-options/,2026-03-20T18:08:51.497122Z,2026-03-20 18:08:51,2026-03-20T18:08:51.497125Z,0
127,Dynamics Fanatics,DK,https://www.dynamicsfanatics.com/post/microsoft-navision-end-of-life-what-it-means-for-your-business-next-steps,Community,-,,Community,Microsoft Navision End of Life guide,3,Community,https://www.dynamicsfanatics.com/post/microsoft-navision-end-of-life-what-it-means-for-your-business-next-steps,2026-03-20T18:08:51.497148Z,2026-03-20 18:08:51,2026-03-20T18:08:51.497151Z,0
128,Microsoft Dynamics Community,DK,https://community.dynamics.com/blogs/post/?postid=90bcd6a1-dbfb-404f-b221-e08d49a85dd7,Community,-,,Community,Microsoft support timeline for Dynamics NAV,3,Community,https://community.dynamics.com/blogs/post/?postid=90bcd6a1-dbfb-404f-b221-e08d49a85dd7,2026-03-20T18:08:51.497176Z,2026-03-20 18:08:51,2026-03-20T18:08:51.497179Z,0
129,Patrick Ngaru,DK,https://gg.linkedin.com/in/patrick-ngaru-98868bb8,Freelance,-,,Freelance,"Business Central Developer/Consultant, Microsoft Dynamics Navision Developer",3,Freelance,https://gg.linkedin.com/in/patrick-ngaru-98868bb8,2026-03-20T18:08:51.497203Z,2026-03-20 18:08:51,2026-03-20T18:08:51.497205Z,0
130,SimplyHired,DK,https://www.simplyhired.com/search?q=%28%2522business%2520central%2522%2520or%2520%2522dynamics%2520365%2520business%2520central%2522%2520or%2520%2522d365%2520bc%2522%2520or%2520%2522dynamics%2520nav%2522%2520or%2520%2522navision%2522%29&l=remote,Job Portal,-,,Jobportal,46+ (business central or dynamics 365 business central or d365 bc or dynamics nav or navision) careers in remote,3,Jobportal,https://www.simplyhired.com/search?q=%28%2522business%2520central%2522%2520or%2520%2522dynamics%2520365%2520business%2520central%2522%2520or%2520%2522d365%2520bc%2522%2520or%2520%2522dynamics%2520nav%2522%2520or%2520%2522navision%2522%29&l=remote,2026-03-20T18:08:51.497220Z,2026-03-20 18:08:51,2026-03-20T18:08:51.497221Z,0
131,Naukri,DK,https://www.naukri.com/business-central-navision-technical-consultant-microsoft-dynamics-nav-microsoft-dynamics-navision-nav-bc-dynamics-nav-al-jobs,Job Portal,-,,Jobportal,Business Central Navision Technical Consultant jobs,3,Jobportal,https://www.naukri.com/business-central-navision-technical-consultant-microsoft-dynamics-nav-microsoft-dynamics-navision-nav-bc-dynamics-nav-al-jobs,2026-03-20T18:08:51.497236Z,2026-03-20 18:08:51,2026-03-20T18:08:51.497238Z,0
132,Facebook BC/NAV Group,DK,https://business.facebook.com/groups/415705419053538/,Social Media,-,,Community,Microsoft Dynamics Navision / BC Jobs & Freelancing group,3,Community,https://business.facebook.com/groups/415705419053538/,2026-03-20T18:08:51.497252Z,2026-03-20 18:08:51,2026-03-20T18:08:51.497253Z,0
133,Dynamics Square,DK,https://www.dynamicssquare.com/blog/everything-know-about-microsoft-dynamics-nav/,IT/ERP,-,,Partner,Microsoft Dynamics NAV blog & implementation,4,Partner,https://www.dynamicssquare.com/blog/everything-know-about-microsoft-dynamics-nav/,2026-03-20T18:08:51.497267Z,2026-03-20 18:08:51,2026-03-20T18:08:51.497269Z,0
134,BeBee,DK,https://dk.bebee.com/job/f9bc4bb5d6c8714b1b9285cd41470947,Job Portal,-,,Jobportal,NAV/BC-konsulent med udviklingspotentiale,3,Jobportal,https://dk.bebee.com/job/f9bc4bb5d6c8714b1b9285cd41470947,2026-03-20T18:08:51.497282Z,2026-03-20 18:08:51,2026-03-20T18:08:51.497284Z,0
135,Formuepleje,DK,https://www.linkedin.com/company/formuepleje/,Finans,-,,LinkedIn profil,Formuepleje uses Dynamics,4,LinkedIn profil,https://www.linkedin.com/company/formuepleje/,2026-03-20T18:08:51.497297Z,2026-03-20 18:08:51,2026-03-20T18:08:51.497298Z,0
136,Sport 24,DK,https://newsglu.com/gluu-helps-denmarks-largest-sports-retailer-sport-24-accelerate-growth-strategy-and-improve-employee-experience/,Detail/Sport,1000+,,Case Study,"Danmarks STØRSTE sportskæde, 60+ butikker, 1.000+ processer dokumenteret",4,Case Study,https://newsglu.com/gluu-helps-denmarks-largest-sports-retailer-sport-24-accelerate-growth-strategy-and-improve-employee-experience/,2026-03-20T18:08:51.497311Z,2026-03-20 18:08:51,2026-03-20T18:08:51.497313Z,1
137,Erik P. Ernst,DK,https://dk.linkedin.com/in/erikernst/da,Freelance,-,,Freelance,"Microsoft MVP 2004-2022, +25 år med Navision/Dynamics NAV",3,Freelance,https://dk.linkedin.com/in/erikernst/da,2026-03-20T18:08:51.497327Z,2026-03-20 18:08:51,2026-03-20T18:08:51.497329Z,0
138,Infoclutch,DK,https://www.infoclutch.com/installed-base/erp/microsoft-dynamics-nav/,Database,-,,Database,"Over 40,000 companies actively using MS Dynamics NAV",3,Database,https://www.infoclutch.com/installed-base/erp/microsoft-dynamics-nav/,2026-03-20T18:08:51.497342Z,2026-03-20 18:08:51,2026-03-20T18:08:51.497344Z,0
139,Navtech,DK,https://navtech.net/55-blog/how-navision-got-transformed-into-dynamics-365-business-central-nav,Media,-,,Media,NAV historie blog,3,Media,https://navtech.net/55-blog/how-navision-got-transformed-into-dynamics-365-business-central-nav,2026-03-20T18:08:51.497358Z,2026-03-20 18:08:51,2026-03-20T18:08:51.497360Z,0
140,Assens Havn,DK,https://dk.linkedin.com/pulse/eksempel-kundecase-p%C3%A5-hvad-der-sker-n%C3%A5r-man-f%C3%B8lger-de-lauritzen,Transport,3,,Case Study,Skiftet fra C5 til SmallBizz med ERPgruppen,3,Case Study,https://dk.linkedin.com/pulse/eksempel-kundecase-p%C3%A5-hvad-der-sker-n%C3%A5r-man-f%C3%B8lger-de-lauritzen,2026-03-20T18:08:51.497381Z,2026-03-20 18:08:51,2026-03-20T18:08:51.497383Z,1
141,Borup Kemi,DK,https://cdn2.hubspot.net/hubfs/494838/Denmark/Assets/Customer%20Case%20-%20Borup%20Kemi%20-%20Columbus.pdf,Kemi,-,,Case Study,"Fik hosted NAV hos Columbus, slipper for nedetid",3,Case Study,https://cdn2.hubspot.net/hubfs/494838/Denmark/Assets/Customer%20Case%20-%20Borup%20Kemi%20-%20Columbus.pdf,2026-03-20T18:08:51.497396Z,2026-03-20 18:08:51,2026-03-20T18:08:51.497398Z,1
142,Hengst Air Filtration Denmark,DK,https://www.jobindex.dk/jobannonce/r13686931,Produktion/Filtrering,50-200,,Jobopslag,Support udløbet - migrerer snart!,5,Jobopslag,https://www.jobindex.dk/jobannonce/r13686931,2026-03-20T18:08:51.497411Z,2026-03-20 18:08:51,2026-03-20T18:08:51.497413Z,0
143,EXPO-NET Danmark A/S,DK,https://dk.linkedin.com/jobs/view/produktionsplanlægger-at-expo-net-danmark-a-s-3966564668,Produktion/Netting,50-200,,LinkedIn Job,Implementerer Navision lige nu,3,LinkedIn Job,https://dk.linkedin.com/jobs/view/produktionsplanlægger-at-expo-net-danmark-a-s-3966564668,2026-03-20T18:08:51.497427Z,2026-03-20 18:08:51,2026-03-20T18:08:51.497428Z,0
144,Ny-Byg ApS,DK,https://mariagerfjordposten.dk/soeg-job-hos-ny-byg-aps-bogholder-med-kendskab-til-navision-og-c5/,Byggeri,20-50,,Lokal avis,Bruger stadig C5 - MEGET gammelt!,3,Lokal avis,https://mariagerfjordposten.dk/soeg-job-hos-ny-byg-aps-bogholder-med-kendskab-til-navision-og-c5/,2026-03-20T18:08:51.497443Z,2026-03-20 18:08:51,2026-03-20T18:08:51.497445Z,0
145,Polygon Danmark A/S,DK,,Skadeservice/Forsikring,500-1000,,Jobopslag,https://www.jobindex.dk/jobannonce/h1649028/kontorassistent-administrativ-medarbejder,3,Jobopslag,,2026-03-20T18:08:51.497458Z,2026-03-20 18:08:51,2026-03-20T18:08:51.497460Z,0
146,ASE (Arbejdsløshedskassernes Samvirke),DK,+45 4137 15 19,Forsikring/A-kasse,200-500,,Jobopslag,https://ase.career.emply.com/ad/kreditorbogholder-accounts-payable-til-ases-finansafdeling/zu3pum/da,3,Jobopslag,+45 4137 15 19,2026-03-20T18:08:51.497473Z,2026-03-20 18:08:51,2026-03-20T18:08:51.497474Z,0
147,Demant,DK,https://theirstack.com/en/technology/navision/dk,Medical Equipment,4900,,TheirStack,TheirStack verified - 4900 medarbejdere,3,TheirStack,https://theirstack.com/en/technology/navision/dk,2026-03-20T18:08:51.497488Z,2026-03-20 18:08:51,2026-03-20T18:08:51.497489Z,1
148,itm8,DK,https://theirstack.com/en/technology/navision/dk,IT Services,1700,,TheirStack,TheirStack verified - 1700 medarbejdere,3,TheirStack,https://theirstack.com/en/technology/navision/dk,2026-03-20T18:08:51.497502Z,2026-03-20 18:08:51,2026-03-20T18:08:51.497504Z,1
149,GN Group,DK,https://theirstack.com/en/technology/navision/dk,Electronics,7300,,TheirStack,TheirStack verified - 7300 medarbejdere,3,TheirStack,https://theirstack.com/en/technology/navision/dk,2026-03-20T18:08:51.497517Z,2026-03-20 18:08:51,2026-03-20T18:08:51.497519Z,1
150,Aarhus University,DK,https://theirstack.com/en/technology/navision/dk,Research,11000,,TheirStack,TheirStack verified - 11000 medarbejdere,3,TheirStack,https://theirstack.com/en/technology/navision/dk,2026-03-20T18:08:51.497531Z,2026-03-20 18:08:51,2026-03-20T18:08:51.497533Z,1
151,Quooker Skandinavien A/S,DK,https://theirstack.com/en/technology/navision/dk,Manufacturing,73,,TheirStack,TheirStack verified - 73 medarbejdere,3,TheirStack,https://theirstack.com/en/technology/navision/dk,2026-03-20T18:08:51.497547Z,2026-03-20 18:08:51,2026-03-20T18:08:51.497549Z,1
152,Danish Agro,DK,https://theirstack.com/en/technology/navision/dk,Farming,1000,,TheirStack,TheirStack verified - 1000 medarbejdere,3,TheirStack,https://theirstack.com/en/technology/navision/dk,2026-03-20T18:08:51.497562Z,2026-03-20 18:08:51,2026-03-20T18:08:51.497564Z,1
153,Falck,DK,https://theirstack.com/en/technology/navision/dk,Health Care,32000,,TheirStack,TheirStack verified - 32000 medarbejdere,3,TheirStack,https://theirstack.com/en/technology/navision/dk,2026-03-20T18:08:51.497577Z,2026-03-20 18:08:51,2026-03-20T18:08:51.497578Z,1
154,Intrum AB,DK,https://theirstack.com/en/technology/navision/dk,Financial Services,-,,TheirStack,TheirStack verified - - medarbejdere,3,TheirStack,https://theirstack.com/en/technology/navision/dk,2026-03-20T18:08:51.497591Z,2026-03-20 18:08:51,2026-03-20T18:08:51.497593Z,1
155,Bunker Holding A/S,DK,https://theirstack.com/en/technology/navision/dk,-,-,,TheirStack,TheirStack verified,3,TheirStack,https://theirstack.com/en/technology/navision/dk,2026-03-20T18:08:51.497606Z,2026-03-20 18:08:51,2026-03-20T18:08:51.497607Z,1
156,Consit Gruppen,DK,https://theirstack.com/en/technology/navision/dk,-,-,,TheirStack,TheirStack verified,3,TheirStack,https://theirstack.com/en/technology/navision/dk,2026-03-20T18:08:51.497622Z,2026-03-20 18:08:51,2026-03-20T18:08:51.497625Z,1
157,NORMAL A/S,DK,https://theirstack.com/en/technology/navision/dk,-,-,,TheirStack,TheirStack verified,3,TheirStack,https://theirstack.com/en/technology/navision/dk,2026-03-20T18:08:51.497644Z,2026-03-20 18:08:51,2026-03-20T18:08:51.497645Z,1
158,emagine,DK,https://theirstack.com/en/technology/navision/dk,-,-,,TheirStack,TheirStack verified,3,TheirStack,https://theirstack.com/en/technology/navision/dk,2026-03-20T18:08:51.497659Z,2026-03-20 18:08:51,2026-03-20T18:08:51.497660Z,1
159,Continia Software,DK,https://theirstack.com/en/technology/navision/dk,-,-,,TheirStack,TheirStack verified,3,TheirStack,https://theirstack.com/en/technology/navision/dk,2026-03-20T18:08:51.497673Z,2026-03-20 18:08:51,2026-03-20T18:08:51.497675Z,1
160,Abakion A/S,DK,https://theirstack.com/en/technology/navision/dk,-,-,,TheirStack,TheirStack verified,3,TheirStack,https://theirstack.com/en/technology/navision/dk,2026-03-20T18:08:51.497688Z,2026-03-20 18:08:51,2026-03-20T18:08:51.497689Z,1
161,JET TAGESLICHT & RWA GMBH,DK,https://theirstack.com/en/technology/navision/dk,-,-,,TheirStack,TheirStack verified,3,TheirStack,https://theirstack.com/en/technology/navision/dk,2026-03-20T18:08:51.497702Z,2026-03-20 18:08:51,2026-03-20T18:08:51.497704Z,1
162,Plantas Group,DK,https://theirstack.com/en/technology/navision/dk,-,-,,TheirStack,TheirStack verified,3,TheirStack,https://theirstack.com/en/technology/navision/dk,2026-03-20T18:08:51.497717Z,2026-03-20 18:08:51,2026-03-20T18:08:51.497718Z,1
163,Aarstiderne,DK,https://theirstack.com/en/technology/navision/dk,-,-,,TheirStack,TheirStack verified,3,TheirStack,https://theirstack.com/en/technology/navision/dk,2026-03-20T18:08:51.497757Z,2026-03-20 18:08:51,2026-03-20T18:08:51.497759Z,1
164,PanzerGlass,DK,https://theirstack.com/en/technology/navision/dk,-,-,,TheirStack,TheirStack verified,3,TheirStack,https://theirstack.com/en/technology/navision/dk,2026-03-20T18:08:51.497799Z,2026-03-20 18:08:51,2026-03-20T18:08:51.497802Z,1
165,Aleris Danmark A/S,DK,https://theirstack.com/en/technology/navision/dk,-,-,,TheirStack,TheirStack verified,3,TheirStack,https://theirstack.com/en/technology/navision/dk,2026-03-20T18:08:51.497820Z,2026-03-20 18:08:51,2026-03-20T18:08:51.497822Z,1
166,EY (Ernst & Young),DK,https://theirstack.com/en/technology/navision/dk,-,-,,TheirStack,TheirStack verified,3,TheirStack,https://theirstack.com/en/technology/navision/dk,2026-03-20T18:08:51.497837Z,2026-03-20 18:08:51,2026-03-20T18:08:51.497839Z,1
167,ASSA ABLOY,DK,https://theirstack.com/en/technology/navision/dk,-,-,,TheirStack,TheirStack verified,3,TheirStack,https://theirstack.com/en/technology/navision/dk,2026-03-20T18:08:51.497852Z,2026-03-20 18:08:51,2026-03-20T18:08:51.497854Z,1
168,Danish Crown,DK,https://theirstack.com/en/technology/navision/dk,-,-,,TheirStack,TheirStack verified,3,TheirStack,https://theirstack.com/en/technology/navision/dk,2026-03-20T18:08:51.497867Z,2026-03-20 18:08:51,2026-03-20T18:08:51.497869Z,1
169,Tetra Pak,DK,https://theirstack.com/en/technology/navision/dk,-,-,,TheirStack,TheirStack verified,3,TheirStack,https://theirstack.com/en/technology/navision/dk,2026-03-20T18:08:51.497882Z,2026-03-20 18:08:51,2026-03-20T18:08:51.497883Z,1
170,LE34,DK,https://theirstack.com/en/technology/navision/dk,-,-,,TheirStack,TheirStack verified,3,TheirStack,https://theirstack.com/en/technology/navision/dk,2026-03-20T18:08:51.497896Z,2026-03-20 18:08:51,2026-03-20T18:08:51.497898Z,1
171,GeoInfo,DK,https://theirstack.com/en/technology/navision/dk,-,-,,TheirStack,TheirStack verified,3,TheirStack,https://theirstack.com/en/technology/navision/dk,2026-03-20T18:08:51.497911Z,2026-03-20 18:08:51,2026-03-20T18:08:51.497913Z,1
172,Per Aarsleff,DK,https://theirstack.com/en/technology/navision/dk,-,-,,TheirStack,TheirStack verified,3,TheirStack,https://theirstack.com/en/technology/navision/dk,2026-03-20T18:08:51.497926Z,2026-03-20 18:08:51,2026-03-20T18:08:51.497927Z,1
173,Hummel,DK,https://theirstack.com/en/technology/navision/dk,-,-,,TheirStack,TheirStack verified,3,TheirStack,https://theirstack.com/en/technology/navision/dk,2026-03-20T18:08:51.497940Z,2026-03-20 18:08:51,2026-03-20T18:08:51.497942Z,1
174,Danæg,DK,https://theirstack.com/en/technology/navision/dk,-,-,,TheirStack,TheirStack verified,3,TheirStack,https://theirstack.com/en/technology/navision/dk,2026-03-20T18:08:51.497954Z,2026-03-20 18:08:51,2026-03-20T18:08:51.497956Z,1
175,BKI Foods,DK,https://theirstack.com/en/technology/navision/dk,-,-,,TheirStack,TheirStack verified,3,TheirStack,https://theirstack.com/en/technology/navision/dk,2026-03-20T18:08:51.497970Z,2026-03-20 18:08:51,2026-03-20T18:08:51.497971Z,1
176,Carl Christensen,DK,https://theirstack.com/en/technology/navision/dk,-,-,,TheirStack,TheirStack verified,3,TheirStack,https://theirstack.com/en/technology/navision/dk,2026-03-20T18:08:51.497985Z,2026-03-20 18:08:51,2026-03-20T18:08:51.497986Z,1
177,Nel Hydrogen,DK,https://theirstack.com/en/technology/navision/dk,-,-,,TheirStack,TheirStack verified,3,TheirStack,https://theirstack.com/en/technology/navision/dk,2026-03-20T18:08:51.498000Z,2026-03-20 18:08:51,2026-03-20T18:08:51.498001Z,1
178,Tefcold,DK,https://theirstack.com/en/technology/navision/dk,-,-,,TheirStack,TheirStack verified,3,TheirStack,https://theirstack.com/en/technology/navision/dk,2026-03-20T18:08:51.498014Z,2026-03-20 18:08:51,2026-03-20T18:08:51.498016Z,1
179,Georg Jensen Damask,DK,https://theirstack.com/en/technology/navision/dk,-,-,,TheirStack,TheirStack verified,3,TheirStack,https://theirstack.com/en/technology/navision/dk,2026-03-20T18:08:51.498028Z,2026-03-20 18:08:51,2026-03-20T18:08:51.498030Z,1
180,Bisgaard Sko,DK,https://theirstack.com/en/technology/navision/dk,-,-,,TheirStack,TheirStack verified,3,TheirStack,https://theirstack.com/en/technology/navision/dk,2026-03-20T18:08:51.498043Z,2026-03-20 18:08:51,2026-03-20T18:08:51.498045Z,1
181,AffaldPlus,DK,https://theirstack.com/en/technology/navision/dk,-,-,,TheirStack,TheirStack verified,3,TheirStack,https://theirstack.com/en/technology/navision/dk,2026-03-20T18:08:51.498058Z,2026-03-20 18:08:51,2026-03-20T18:08:51.498059Z,1
182,Kredsløb,DK,https://theirstack.com/en/technology/navision/dk,-,-,,TheirStack,TheirStack verified,3,TheirStack,https://theirstack.com/en/technology/navision/dk,2026-03-20T18:08:51.498073Z,2026-03-20 18:08:51,2026-03-20T18:08:51.498075Z,1
183,Vejen Forsyning,DK,https://theirstack.com/en/technology/navision/dk,-,-,,TheirStack,TheirStack verified,3,TheirStack,https://theirstack.com/en/technology/navision/dk,2026-03-20T18:08:51.498088Z,2026-03-20 18:08:51,2026-03-20T18:08:51.498090Z,1
184,Edlund,DK,https://theirstack.com/en/technology/navision/dk,-,-,,TheirStack,TheirStack verified,3,TheirStack,https://theirstack.com/en/technology/navision/dk,2026-03-20T18:08:51.498102Z,2026-03-20 18:08:51,2026-03-20T18:08:51.498104Z,1
185,Bramidan,DK,https://theirstack.com/en/technology/navision/dk,-,-,,TheirStack,TheirStack verified,3,TheirStack,https://theirstack.com/en/technology/navision/dk,2026-03-20T18:08:51.498119Z,2026-03-20 18:08:51,2026-03-20T18:08:51.498121Z,1
186,Skallerup Seaside Resort,DK,https://theirstack.com/en/technology/navision/dk,-,-,,TheirStack,TheirStack verified,3,TheirStack,https://theirstack.com/en/technology/navision/dk,2026-03-20T18:08:51.498134Z,2026-03-20 18:08:51,2026-03-20T18:08:51.498135Z,1
187,Center for Veje,DK,,-,-,,Partner,Partner reference,4,Partner,,2026-03-20T18:08:51.498148Z,2026-03-20 18:08:51,2026-03-20T18:08:51.498150Z,0
188,Datapro A/S,DK,,-,-,,Partner,Partner reference,4,Partner,,2026-03-20T18:08:51.498163Z,2026-03-20 18:08:51,2026-03-20T18:08:51.498165Z,0
189,Welldana,DK,,-,-,,Job Posting,Bruger Navision ifølge jobopslag,3,Job Posting,,2026-03-20T18:08:51.498178Z,2026-03-20 18:08:51,2026-03-20T18:08:51.498180Z,0
190,Salling Group,DK,,-,-,,Job Posting,Bruger Navision ifølge jobopslag,3,Job Posting,,2026-03-20T18:08:51.498193Z,2026-03-20 18:08:51,2026-03-20T18:08:51.498194Z,0
191,Politiet,DK,,-,-,,Navision Stat,Offentlig,5,Navision Stat,,2026-03-20T18:08:51.498208Z,2026-03-20 18:08:51,2026-03-20T18:08:51.498209Z,0
192,EXPO-NET Danmark,DK,,-,-,,TheirStack,Implementerer Navision,3,TheirStack,,2026-03-20T18:08:51.498228Z,2026-03-20 18:08:51,2026-03-20T18:08:51.498230Z,1
193,Polygon Danmark,DK,,-,-,,TheirStack,500-1000 medarbejdere,3,TheirStack,,2026-03-20T18:08:51.498256Z,2026-03-20 18:08:51,2026-03-20T18:08:51.498258Z,1
194,ASE (Arbejdsløshedskassen),DK,,-,-,,TheirStack,Offentlig sektor,3,TheirStack,,2026-03-20T18:08:51.498272Z,2026-03-20 18:08:51,2026-03-20T18:08:51.498273Z,1
195,Bunker Holding,DK,https://theirstack.com/en/technology/navision/dk,-,-,,TheirStack,TheirStack verified,3,TheirStack,https://theirstack.com/en/technology/navision/dk,2026-03-20T18:08:51.498287Z,2026-03-20 18:08:51,2026-03-20T18:08:51.498289Z,1
196,Aleris Danmark,DK,https://theirstack.com/en/technology/navision/dk,-,-,,TheirStack,TheirStack verified,3,TheirStack,https://theirstack.com/en/technology/navision/dk,2026-03-20T18:08:51.498302Z,2026-03-20 18:08:51,2026-03-20T18:08:51.498303Z,1
197,EY Danmark,DK,https://theirstack.com/en/technology/navision/dk,-,-,,TheirStack,TheirStack verified,3,TheirStack,https://theirstack.com/en/technology/navision/dk,2026-03-20T18:08:51.498316Z,2026-03-20 18:08:51,2026-03-20T18:08:51.498318Z,1
198,Skallerup Seaside,DK,https://theirstack.com/en/technology/navision/dk,-,-,,TheirStack,TheirStack verified,3,TheirStack,https://theirstack.com/en/technology/navision/dk,2026-03-20T18:08:51.498331Z,2026-03-20 18:08:51,2026-03-20T18:08:51.498333Z,1
199,Nivaagaard,DK,https://theirstack.com/en/technology/navision/dk,-,-,,TheirStack,TheirStack verified,3,TheirStack,https://theirstack.com/en/technology/navision/dk,2026-03-20T18:08:51.498346Z,2026-03-20 18:08:51,2026-03-20T18:08:51.498347Z,1
200,Aurion,DK,https://theirstack.com/en/technology/navision/dk,-,-,,TheirStack,TheirStack verified,3,TheirStack,https://theirstack.com/en/technology/navision/dk,2026-03-20T18:08:51.498360Z,2026-03-20 18:08:51,2026-03-20T18:08:51.498362Z,1
201,Norlund Savværk,DK,https://theirstack.com/en/technology/navision/dk,-,-,,TheirStack,TheirStack verified,3,TheirStack,https://theirstack.com/en/technology/navision/dk,2026-03-20T18:08:51.498382Z,2026-03-20 18:08:51,2026-03-20T18:08:51.498384Z,1
202,Alfa Laval,DK,https://theirstack.com/en/technology/navision/dk,-,-,,TheirStack,TheirStack verified,3,TheirStack,https://theirstack.com/en/technology/navision/dk,2026-03-20T18:08:51.498398Z,2026-03-20 18:08:51,2026-03-20T18:08:51.498400Z,1
203,LearnLab,DK,https://theirstack.com/en/technology/navision/dk,-,-,,TheirStack,TheirStack verified,3,TheirStack,https://theirstack.com/en/technology/navision/dk,2026-03-20T18:08:51.498413Z,2026-03-20 18:08:51,2026-03-20T18:08:51.498415Z,1
204,Dansk Aktionærforening,DK,https://theirstack.com/en/technology/navision/dk,-,-,,TheirStack,TheirStack verified,3,TheirStack,https://theirstack.com/en/technology/navision/dk,2026-03-20T18:08:51.498428Z,2026-03-20 18:08:51,2026-03-20T18:08:51.498430Z,1
205,Ulandssekretariatet,DK,https://theirstack.com/en/technology/navision/dk,-,-,,TheirStack,TheirStack verified,3,TheirStack,https://theirstack.com/en/technology/navision/dk,2026-03-20T18:08:51.498443Z,2026-03-20 18:08:51,2026-03-20T18:08:51.498445Z,1
206,Try & Hire Esbjerg,DK,,-,-,,Job Posting,Bruger Navision ifølge jobopslag,3,Job Posting,,2026-03-20T18:08:51.498458Z,2026-03-20 18:08:51,2026-03-20T18:08:51.498459Z,0
207,Columbus A/S,DK,,-,-,,TheirStack/Web,TheirStack/partner verificeret,4,TheirStack/Web,,2026-03-20T18:08:51.498473Z,2026-03-20 18:08:51,2026-03-20T18:08:51.498475Z,0
208,Blue Vision A/S,DK,,-,-,,TheirStack/Web,TheirStack/partner verificeret,4,TheirStack/Web,,2026-03-20T18:08:51.498488Z,2026-03-20 18:08:51,2026-03-20T18:08:51.498490Z,0
209,Profacto ApS,DK,,-,-,,TheirStack/Web,TheirStack/partner verificeret,4,TheirStack/Web,,2026-03-20T18:08:51.498503Z,2026-03-20 18:08:51,2026-03-20T18:08:51.498504Z,0
210,Skanderby A/S,DK,,-,-,,TheirStack/Web,TheirStack/partner verificeret,4,TheirStack/Web,,2026-03-20T18:08:51.498517Z,2026-03-20 18:08:51,2026-03-20T18:08:51.498519Z,0
211,NaviLogic ApS,DK,,-,-,,TheirStack/Web,TheirStack/partner verificeret,4,TheirStack/Web,,2026-03-20T18:08:51.498531Z,2026-03-20 18:08:51,2026-03-20T18:08:51.498533Z,0
212,NAV-Vision ApS,DK,,-,-,,TheirStack/Web,TheirStack/partner verificeret,4,TheirStack/Web,,2026-03-20T18:08:51.498546Z,2026-03-20 18:08:51,2026-03-20T18:08:51.498547Z,0
213,Navisupport ApS,DK,,-,-,,TheirStack/Web,TheirStack/partner verificeret,4,TheirStack/Web,,2026-03-20T18:08:51.498560Z,2026-03-20 18:08:51,2026-03-20T18:08:51.498562Z,0
214,ERPgruppen A/S,DK,,-,-,,TheirStack/Web,TheirStack/partner verificeret,4,TheirStack/Web,,2026-03-20T18:08:51.498574Z,2026-03-20 18:08:51,2026-03-20T18:08:51.498576Z,0
215,NORRIQ Danmark A/S,DK,,-,-,,TheirStack/Web,TheirStack/partner verificeret,4,TheirStack/Web,,2026-03-20T18:08:51.498589Z,2026-03-20 18:08:51,2026-03-20T18:08:51.498591Z,0
216,Logos Consult A/S,DK,,-,-,,TheirStack/Web,TheirStack/partner verificeret,4,TheirStack/Web,,2026-03-20T18:08:51.498604Z,2026-03-20 18:08:51,2026-03-20T18:08:51.498605Z,0
217,Active Business Solutions A/S,DK,,-,-,,TheirStack/Web,TheirStack/partner verificeret,4,TheirStack/Web,,2026-03-20T18:08:51.498627Z,2026-03-20 18:08:51,2026-03-20T18:08:51.498629Z,0
218,Vektus A/S,DK,,-,-,,TheirStack/Web,TheirStack/partner verificeret,4,TheirStack/Web,,2026-03-20T18:08:51.498651Z,2026-03-20 18:08:51,2026-03-20T18:08:51.498652Z,0
219,Consortio IT A/S,DK,,-,-,,TheirStack/Web,TheirStack/partner verificeret,4,TheirStack/Web,,2026-03-20T18:08:51.498666Z,2026-03-20 18:08:51,2026-03-20T18:08:51.498668Z,0
220,NavKonsulent ApS,DK,,-,-,,TheirStack/Web,TheirStack/partner verificeret,4,TheirStack/Web,,2026-03-20T18:08:51.498681Z,2026-03-20 18:08:51,2026-03-20T18:08:51.498682Z,0
221,ERPsupporten ApS,DK,,-,-,,TheirStack/Web,TheirStack/partner verificeret,4,TheirStack/Web,,2026-03-20T18:08:51.498696Z,2026-03-20 18:08:51,2026-03-20T18:08:51.498698Z,0
222,BusinessGo ApS,DK,,-,-,,TheirStack/Web,TheirStack/partner verificeret,4,TheirStack/Web,,2026-03-20T18:08:51.498711Z,2026-03-20 18:08:51,2026-03-20T18:08:51.498713Z,0
223,KeyBalance ApS,DK,,-,-,,TheirStack/Web,TheirStack/partner verificeret,4,TheirStack/Web,,2026-03-20T18:08:51.498726Z,2026-03-20 18:08:51,2026-03-20T18:08:51.498727Z,0
224,PROINFO A/S,DK,,-,-,,TheirStack/Web,TheirStack/partner verificeret,4,TheirStack/Web,,2026-03-20T18:08:51.498740Z,2026-03-20 18:08:51,2026-03-20T18:08:51.498742Z,0
225,Lyngby Handelsskole,DK,,-,-,,TheirStack/Web,TheirStack/partner verificeret,4,TheirStack/Web,,2026-03-20T18:08:51.498754Z,2026-03-20 18:08:51,2026-03-20T18:08:51.498756Z,0
226,Handelsgymnasiet HTX,DK,,-,-,,TheirStack/Web,TheirStack/partner verificeret,4,TheirStack/Web,,2026-03-20T18:08:51.498798Z,2026-03-20 18:08:51,2026-03-20T18:08:51.498801Z,0
227,SOSU Skole,DK,,-,-,,TheirStack/Web,TheirStack/partner verificeret,4,TheirStack/Web,,2026-03-20T18:08:51.498815Z,2026-03-20 18:08:51,2026-03-20T18:08:51.498817Z,0
228,EUD Erhvervsuddannelse,DK,,-,-,,TheirStack/Web,TheirStack/partner verificeret,4,TheirStack/Web,,2026-03-20T18:08:51.498830Z,2026-03-20 18:08:51,2026-03-20T18:08:51.498832Z,0
229,EU X Kombineret,DK,,-,-,,TheirStack/Web,TheirStack/partner verificeret,4,TheirStack/Web,,2026-03-20T18:08:51.498845Z,2026-03-20 18:08:51,2026-03-20T18:08:51.498846Z,0
230,Pollet Pool Group,DK,,-,-,,TheirStack/Web,TheirStack/partner verificeret,4,TheirStack/Web,,2026-03-20T18:08:51.498859Z,2026-03-20 18:08:51,2026-03-20T18:08:51.498861Z,0
231,Airshoppen,DK,,-,-,,TheirStack/Web,TheirStack/partner verificeret,4,TheirStack/Web,,2026-03-20T18:08:51.498874Z,2026-03-20 18:08:51,2026-03-20T18:08:51.498876Z,0
232,GALST Advokataktieselskab,DK,,-,-,,TheirStack/Web,TheirStack/partner verificeret,4,TheirStack/Web,,2026-03-20T18:08:51.498888Z,2026-03-20 18:08:51,2026-03-20T18:08:51.498890Z,0
233,NAVengers,DK,,-,-,,TheirStack/Web,TheirStack/partner verificeret,4,TheirStack/Web,,2026-03-20T18:08:51.498903Z,2026-03-20 18:08:51,2026-03-20T18:08:51.498905Z,0
234,NCA Dynamics,DK,,-,-,,TheirStack/Web,TheirStack/partner verificeret,4,TheirStack/Web,,2026-03-20T18:08:51.498917Z,2026-03-20 18:08:51,2026-03-20T18:08:51.498919Z,0
235,Navision India,DK,,-,-,,TheirStack/Web,TheirStack/partner verificeret,4,TheirStack/Web,,2026-03-20T18:08:51.498932Z,2026-03-20 18:08:51,2026-03-20T18:08:51.498933Z,0
236,BSC Software,DK,,-,-,,TheirStack/Web,TheirStack/partner verificeret,4,TheirStack/Web,,2026-03-20T18:08:51.498964Z,2026-03-20 18:08:51,2026-03-20T18:08:51.498966Z,0
237,Navisiontech Inc,DK,,-,-,,TheirStack/Web,TheirStack/partner verificeret,4,TheirStack/Web,,2026-03-20T18:08:51.498980Z,2026-03-20 18:08:51,2026-03-20T18:08:51.498981Z,0
238,SAGlobal,DK,,-,-,,TheirStack/Web,TheirStack/partner verificeret,4,TheirStack/Web,,2026-03-20T18:08:51.498994Z,2026-03-20 18:08:51,2026-03-20T18:08:51.498996Z,0
239,Isystems Group,DK,,-,-,,TheirStack/Web,TheirStack/partner verificeret,4,TheirStack/Web,,2026-03-20T18:08:51.499009Z,2026-03-20 18:08:51,2026-03-20T18:08:51.499011Z,0
240,MicroChannel,DK,,-,-,,TheirStack/Web,TheirStack/partner verificeret,4,TheirStack/Web,,2026-03-20T18:08:51.499024Z,2026-03-20 18:08:51,2026-03-20T18:08:51.499025Z,0
241,DynamicsSmartz,DK,,-,-,,TheirStack/Web,TheirStack/partner verificeret,4,TheirStack/Web,,2026-03-20T18:08:51.499038Z,2026-03-20 18:08:51,2026-03-20T18:08:51.499040Z,0
242,Consortio IT,DK,,-,-,,Partner,Microsoft Partner,4,Partner,,2026-03-20T18:08:51.499053Z,2026-03-20 18:08:51,2026-03-20T18:08:51.499054Z,0
243,Seminarium Z,DK,,-,-,,Navision Stat,En af 400 institutioner,5,Navision Stat,,2026-03-20T18:08:51.499068Z,2026-03-20 18:08:51,2026-03-20T18:08:51.499070Z,0
244,Sandgrav Solutions,DK,https://theirstack.com/en/technology/navision/dk,-,-,,TheirStack,TheirStack verified,4,TheirStack,https://theirstack.com/en/technology/navision/dk,2026-03-20T18:08:51.499084Z,2026-03-20 18:08:51,2026-03-20T18:08:51.499085Z,1
245,Connectify,DK,https://theirstack.com/en/technology/navision/dk,-,-,,TheirStack,TheirStack verified,4,TheirStack,https://theirstack.com/en/technology/navision/dk,2026-03-20T18:08:51.499099Z,2026-03-20 18:08:51,2026-03-20T18:08:51.499100Z,1
246,Obtain A/S,DK,https://theirstack.com/en/technology/navision/dk,-,-,,TheirStack,TheirStack verified,4,TheirStack,https://theirstack.com/en/technology/navision/dk,2026-03-20T18:08:51.499114Z,2026-03-20 18:08:51,2026-03-20T18:08:51.499115Z,1
247,NaviLogic,DK,https://theirstack.com/en/technology/navision/dk,-,-,,TheirStack,TheirStack verified,4,TheirStack,https://theirstack.com/en/technology/navision/dk,2026-03-20T18:08:51.499128Z,2026-03-20 18:08:51,2026-03-20T18:08:51.499130Z,1
248,Columbus Global,DK,https://theirstack.com/en/technology/navision/dk,-,-,,TheirStack,TheirStack verified,4,TheirStack,https://theirstack.com/en/technology/navision/dk,2026-03-20T18:08:51.499143Z,2026-03-20 18:08:51,2026-03-20T18:08:51.499145Z,1
249,Blue Vision,DK,https://theirstack.com/en/technology/navision/dk,-,-,,TheirStack,TheirStack verified,4,TheirStack,https://theirstack.com/en/technology/navision/dk,2026-03-20T18:08:51.499164Z,2026-03-20 18:08:51,2026-03-20T18:08:51.499166Z,1
250,Datapro,DK,https://theirstack.com/en/technology/navision/dk,-,-,,TheirStack,TheirStack verified,4,TheirStack,https://theirstack.com/en/technology/navision/dk,2026-03-20T18:08:51.499186Z,2026-03-20 18:08:51,2026-03-20T18:08:51.499189Z,1
251,Skanderby,DK,https://theirstack.com/en/technology/navision/dk,-,-,,TheirStack,TheirStack verified,4,TheirStack,https://theirstack.com/en/technology/navision/dk,2026-03-20T18:08:51.499207Z,2026-03-20 18:08:51,2026-03-20T18:08:51.499209Z,1
252,NavKonsulent,DK,https://theirstack.com/en/technology/navision/dk,-,-,,TheirStack,TheirStack verified,4,TheirStack,https://theirstack.com/en/technology/navision/dk,2026-03-20T18:08:51.499228Z,2026-03-20 18:08:51,2026-03-20T18:08:51.499230Z,1
253,ERPsupporten,DK,https://theirstack.com/en/technology/navision/dk,-,-,,TheirStack,TheirStack verified,4,TheirStack,https://theirstack.com/en/technology/navision/dk,2026-03-20T18:08:51.499249Z,2026-03-20 18:08:51,2026-03-20T18:08:51.499251Z,1
254,BusinessGo,DK,https://theirstack.com/en/technology/navision/dk,-,-,,TheirStack,TheirStack verified,4,TheirStack,https://theirstack.com/en/technology/navision/dk,2026-03-20T18:08:51.499271Z,2026-03-20 18:08:51,2026-03-20T18:08:51.499274Z,1
255,KeyBalance,DK,https://theirstack.com/en/technology/navision/dk,-,-,,TheirStack,TheirStack verified,4,TheirStack,https://theirstack.com/en/technology/navision/dk,2026-03-20T18:08:51.499293Z,2026-03-20 18:08:51,2026-03-20T18:08:51.499295Z,1
256,PROINFO,DK,https://theirstack.com/en/technology/navision/dk,-,-,,TheirStack,TheirStack verified,4,TheirStack,https://theirstack.com/en/technology/navision/dk,2026-03-20T18:08:51.499322Z,2026-03-20 18:08:51,2026-03-20T18:08:51.499324Z,1
257,TetraSoft,DK,https://theirstack.com/en/technology/navision/dk,-,-,,TheirStack,TheirStack verified,4,TheirStack,https://theirstack.com/en/technology/navision/dk,2026-03-20T18:08:51.499338Z,2026-03-20 18:08:51,2026-03-20T18:08:51.499340Z,1
258,Vektus,DK,https://theirstack.com/en/technology/navision/dk,-,-,,TheirStack,TheirStack verified,4,TheirStack,https://theirstack.com/en/technology/navision/dk,2026-03-20T18:08:51.499354Z,2026-03-20 18:08:51,2026-03-20T18:08:51.499356Z,1
259,Consortio,DK,https://theirstack.com/en/technology/navision/dk,-,-,,TheirStack,TheirStack verified,4,TheirStack,https://theirstack.com/en/technology/navision/dk,2026-03-20T18:08:51.499382Z,2026-03-20 18:08:51,2026-03-20T18:08:51.499384Z,1
260,NORRIQ,DK,https://theirstack.com/en/technology/navision/dk,-,-,,TheirStack,TheirStack verified,4,TheirStack,https://theirstack.com/en/technology/navision/dk,2026-03-20T18:08:51.499400Z,2026-03-20 18:08:51,2026-03-20T18:08:51.499402Z,1
261,Logos Consult,DK,https://theirstack.com/en/technology/navision/dk,-,-,,TheirStack,TheirStack verified,4,TheirStack,https://theirstack.com/en/technology/navision/dk,2026-03-20T18:08:51.499416Z,2026-03-20 18:08:51,2026-03-20T18:08:51.499418Z,1
262,Active BS,DK,https://theirstack.com/en/technology/navision/dk,-,-,,TheirStack,TheirStack verified,4,TheirStack,https://theirstack.com/en/technology/navision/dk,2026-03-20T18:08:51.499431Z,2026-03-20 18:08:51,2026-03-20T18:08:51.499433Z,1
263,ERPgruppen,DK,https://theirstack.com/en/technology/navision/dk,-,-,,TheirStack,TheirStack verified,4,TheirStack,https://theirstack.com/en/technology/navision/dk,2026-03-20T18:08:51.499447Z,2026-03-20 18:08:51,2026-03-20T18:08:51.499448Z,1
264,NAV-Vision,DK,https://theirstack.com/en/technology/navision/dk,-,-,,TheirStack,TheirStack verified,4,TheirStack,https://theirstack.com/en/technology/navision/dk,2026-03-20T18:08:51.499462Z,2026-03-20 18:08:51,2026-03-20T18:08:51.499464Z,1
265,Navisupport,DK,https://theirstack.com/en/technology/navision/dk,-,-,,TheirStack,TheirStack verified,4,TheirStack,https://theirstack.com/en/technology/navision/dk,2026-03-20T18:08:51.499477Z,2026-03-20 18:08:51,2026-03-20T18:08:51.499478Z,1
266,Profacto,DK,https://theirstack.com/en/technology/navision/dk,-,-,,TheirStack,TheirStack verified,4,TheirStack,https://theirstack.com/en/technology/navision/dk,2026-03-20T18:08:51.499492Z,2026-03-20 18:08:51,2026-03-20T18:08:51.499493Z,1
267,JCD,DK,https://theirstack.com/en/technology/navision/dk,-,-,,TheirStack,TheirStack verified,4,TheirStack,https://theirstack.com/en/technology/navision/dk,2026-03-20T18:08:51.499507Z,2026-03-20 18:08:51,2026-03-20T18:08:51.499508Z,1
268,Abakion,DK,https://theirstack.com/en/technology/navision/dk,-,-,,TheirStack,TheirStack verified,4,TheirStack,https://theirstack.com/en/technology/navision/dk,2026-03-20T18:08:51.499521Z,2026-03-20 18:08:51,2026-03-20T18:08:51.499523Z,1
269,Elbek & Vejrup,DK,https://theirstack.com/en/technology/navision/dk,-,-,,TheirStack,TheirStack verified,4,TheirStack,https://theirstack.com/en/technology/navision/dk,2026-03-20T18:08:51.499536Z,2026-03-20 18:08:51,2026-03-20T18:08:51.499538Z,1
270,NxM,DK,https://theirstack.com/en/technology/navision/dk,-,-,,TheirStack,TheirStack verified,4,TheirStack,https://theirstack.com/en/technology/navision/dk,2026-03-20T18:08:51.499551Z,2026-03-20 18:08:51,2026-03-20T18:08:51.499553Z,1
271,Inventio,DK,https://theirstack.com/en/technology/navision/dk,-,-,,TheirStack,TheirStack verified,4,TheirStack,https://theirstack.com/en/technology/navision/dk,2026-03-20T18:08:51.499566Z,2026-03-20 18:08:51,2026-03-20T18:08:51.499567Z,1
272,Apollo,DK,https://theirstack.com/en/technology/navision/dk,-,-,,TheirStack,TheirStack verified,4,TheirStack,https://theirstack.com/en/technology/navision/dk,2026-03-20T18:08:51.499580Z,2026-03-20 18:08:51,2026-03-20T18:08:51.499582Z,1
273,Randstad,DK,https://theirstack.com/en/technology/navision/dk,-,-,,TheirStack,TheirStack verified,4,TheirStack,https://theirstack.com/en/technology/navision/dk,2026-03-20T18:08:51.499595Z,2026-03-20 18:08:51,2026-03-20T18:08:51.499597Z,1
274,Wipro,DK,https://theirstack.com/en/technology/navision/dk,-,-,,TheirStack,TheirStack verified,4,TheirStack,https://theirstack.com/en/technology/navision/dk,2026-03-20T18:08:51.499610Z,2026-03-20 18:08:51,2026-03-20T18:08:51.499611Z,1
275,Nivaagaards Malerisamling,DK,https://theirstack.com/en/technology/navision/dk,-,-,,TheirStack,TheirStack verified,4,TheirStack,https://theirstack.com/en/technology/navision/dk,2026-03-20T18:08:51.499627Z,2026-03-20 18:08:51,2026-03-20T18:08:51.499629Z,1
276,Aurion A/S,DK,https://theirstack.com/en/technology/navision/dk,-,-,,TheirStack,TheirStack verified,4,TheirStack,https://theirstack.com/en/technology/navision/dk,2026-03-20T18:08:51.499650Z,2026-03-20 18:08:51,2026-03-20T18:08:51.499652Z,1
277,GALST Advokater,DK,https://theirstack.com/en/technology/navision/dk,-,-,,TheirStack,TheirStack verified,4,TheirStack,https://theirstack.com/en/technology/navision/dk,2026-03-20T18:08:51.499666Z,2026-03-20 18:08:51,2026-03-20T18:08:51.499667Z,1
278,GN Store Nord,DK,https://theirstack.com/en/technology/navision/dk,-,-,,TheirStack,TheirStack verified,4,TheirStack,https://theirstack.com/en/technology/navision/dk,2026-03-20T18:08:51.499681Z,2026-03-20 18:08:51,2026-03-20T18:08:51.499683Z,1
279,Demant A/S,DK,https://theirstack.com/en/technology/navision/dk,-,-,,TheirStack,TheirStack verified,4,TheirStack,https://theirstack.com/en/technology/navision/dk,2026-03-20T18:08:51.499712Z,2026-03-20 18:08:51,2026-03-20T18:08:51.499714Z,1
280,Falck A/S,DK,https://theirstack.com/en/technology/navision/dk,-,-,,TheirStack,TheirStack verified,4,TheirStack,https://theirstack.com/en/technology/navision/dk,2026-03-20T18:08:51.499727Z,2026-03-20 18:08:51,2026-03-20T18:08:51.499729Z,1
281,CBS,DK,https://theirstack.com/en/technology/navision/dk,-,-,,TheirStack,TheirStack verified,4,TheirStack,https://theirstack.com/en/technology/navision/dk,2026-03-20T18:08:51.499742Z,2026-03-20 18:08:51,2026-03-20T18:08:51.499744Z,1
282,Klima- Energiministeriet,DK,https://statens-adm.dk/support/oekonomisupport/navision-stat/,Offentlig,500+,,Navision Stat,Navision Stat institution,5,Navision Stat,https://statens-adm.dk/support/oekonomisupport/navision-stat/,2026-03-20T18:08:51.499758Z,2026-03-20 18:08:51,2026-03-20T18:08:51.499759Z,0
283,Kulturministeriet,DK,https://statens-adm.dk/support/oekonomisupport/navision-stat/,Offentlig,500+,,Navision Stat,Navision Stat institution,5,Navision Stat,https://statens-adm.dk/support/oekonomisupport/navision-stat/,2026-03-20T18:08:51.499788Z,2026-03-20 18:08:51,2026-03-20T18:08:51.499790Z,0
284,Miljøministeriet,DK,https://statens-adm.dk/support/oekonomisupport/navision-stat/,Offentlig,500+,,Navision Stat,Navision Stat institution,5,Navision Stat,https://statens-adm.dk/support/oekonomisupport/navision-stat/,2026-03-20T18:08:51.499804Z,2026-03-20 18:08:51,2026-03-20T18:08:51.499805Z,0
285,Sundhedsministeriet,DK,https://statens-adm.dk/support/oekonomisupport/navision-stat/,Offentlig,500+,,Navision Stat,Navision Stat institution,5,Navision Stat,https://statens-adm.dk/support/oekonomisupport/navision-stat/,2026-03-20T18:08:51.499819Z,2026-03-20 18:08:51,2026-03-20T18:08:51.499821Z,0
286,Udlændingeministeriet,DK,https://statens-adm.dk/support/oekonomisupport/navision-stat/,Offentlig,500+,,Navision Stat,Navision Stat institution,5,Navision Stat,https://statens-adm.dk/support/oekonomisupport/navision-stat/,2026-03-20T18:08:51.499834Z,2026-03-20 18:08:51,2026-03-20T18:08:51.499836Z,0
287,Erhvervsministeriet,DK,https://statens-adm.dk/support/oekonomisupport/navision-stat/,Offentlig,500+,,Navision Stat,Navision Stat institution,5,Navision Stat,https://statens-adm.dk/support/oekonomisupport/navision-stat/,2026-03-20T18:08:51.499849Z,2026-03-20 18:08:51,2026-03-20T18:08:51.499851Z,0
288,Fødevareministeriet,DK,https://statens-adm.dk/support/oekonomisupport/navision-stat/,Offentlig,500+,,Navision Stat,Navision Stat institution,5,Navision Stat,https://statens-adm.dk/support/oekonomisupport/navision-stat/,2026-03-20T18:08:51.499865Z,2026-03-20 18:08:51,2026-03-20T18:08:51.499866Z,0
289,Uddannelsesstyrelsen,DK,https://statens-adm.dk/support/oekonomisupport/navision-stat/,Offentlig,500+,,Navision Stat,Navision Stat institution,5,Navision Stat,https://statens-adm.dk/support/oekonomisupport/navision-stat/,2026-03-20T18:08:51.499880Z,2026-03-20 18:08:51,2026-03-20T18:08:51.499882Z,0
290,Forskningsstyrelsen,DK,https://statens-adm.dk/support/oekonomisupport/navision-stat/,Offentlig,500+,,Navision Stat,Navision Stat institution,5,Navision Stat,https://statens-adm.dk/support/oekonomisupport/navision-stat/,2026-03-20T18:08:51.499896Z,2026-03-20 18:08:51,2026-03-20T18:08:51.499898Z,0
291,Slotsstyrelsen,DK,https://statens-adm.dk/support/oekonomisupport/navision-stat/,Offentlig,500+,,Navision Stat,Navision Stat institution,5,Navision Stat,https://statens-adm.dk/support/oekonomisupport/navision-stat/,2026-03-20T18:08:51.499911Z,2026-03-20 18:08:51,2026-03-20T18:08:51.499913Z,0
292,Boligstyrelsen,DK,https://statens-adm.dk/support/oekonomisupport/navision-stat/,Offentlig,500+,,Navision Stat,Navision Stat institution,5,Navision Stat,https://statens-adm.dk/support/oekonomisupport/navision-stat/,2026-03-20T18:08:51.499927Z,2026-03-20 18:08:51,2026-03-20T18:08:51.499928Z,0
293,Socialstyrelsen,DK,https://statens-adm.dk/support/oekonomisupport/navision-stat/,Offentlig,500+,,Navision Stat,Navision Stat institution,5,Navision Stat,https://statens-adm.dk/support/oekonomisupport/navision-stat/,2026-03-20T18:08:51.499942Z,2026-03-20 18:08:51,2026-03-20T18:08:51.499943Z,0
294,Bispebjerg Hospital,DK,https://statens-adm.dk/support/oekonomisupport/navision-stat/,Offentlig,500+,,Navision Stat,Navision Stat institution,5,Navision Stat,https://statens-adm.dk/support/oekonomisupport/navision-stat/,2026-03-20T18:08:51.499956Z,2026-03-20 18:08:51,2026-03-20T18:08:51.499958Z,0
295,Frederiksberg Hospital,DK,https://statens-adm.dk/support/oekonomisupport/navision-stat/,Offentlig,500+,,Navision Stat,Navision Stat institution,5,Navision Stat,https://statens-adm.dk/support/oekonomisupport/navision-stat/,2026-03-20T18:08:51.499971Z,2026-03-20 18:08:51,2026-03-20T18:08:51.499973Z,0
296,Herlev Hospital,DK,https://statens-adm.dk/support/oekonomisupport/navision-stat/,Offentlig,500+,,Navision Stat,Navision Stat institution,5,Navision Stat,https://statens-adm.dk/support/oekonomisupport/navision-stat/,2026-03-20T18:08:51.499986Z,2026-03-20 18:08:51,2026-03-20T18:08:51.499988Z,0
297,Hvidovre Hospital,DK,https://statens-adm.dk/support/oekonomisupport/navision-stat/,Offentlig,500+,,Navision Stat,Navision Stat institution,5,Navision Stat,https://statens-adm.dk/support/oekonomisupport/navision-stat/,2026-03-20T18:08:51.500001Z,2026-03-20 18:08:51,2026-03-20T18:08:51.500006Z,0
298,Gentofte Hospital,DK,https://statens-adm.dk/support/oekonomisupport/navision-stat/,Offentlig,500+,,Navision Stat,Navision Stat institution,5,Navision Stat,https://statens-adm.dk/support/oekonomisupport/navision-stat/,2026-03-20T18:08:51.500019Z,2026-03-20 18:08:51,2026-03-20T18:08:51.500021Z,0
299,Sjællands Universitetshospital,DK,https://statens-adm.dk/support/oekonomisupport/navision-stat/,Offentlig,500+,,Navision Stat,Navision Stat institution,5,Navision Stat,https://statens-adm.dk/support/oekonomisupport/navision-stat/,2026-03-20T18:08:51.500034Z,2026-03-20 18:08:51,2026-03-20T18:08:51.500036Z,0
300,Nationalmuseet,DK,https://statens-adm.dk/support/oekonomisupport/navision-stat/,Offentlig,500+,,Navision Stat,Navision Stat institution,5,Navision Stat,https://statens-adm.dk/support/oekonomisupport/navision-stat/,2026-03-20T18:08:51.500049Z,2026-03-20 18:08:51,2026-03-20T18:08:51.500051Z,0
301,DMI - Danmarks Meteorologiske Institut,DK,https://statens-adm.dk/support/oekonomisupport/navision-stat/,Offentlig,500+,,Navision Stat,Navision Stat institution,5,Navision Stat,https://statens-adm.dk/support/oekonomisupport/navision-stat/,2026-03-20T18:08:51.500066Z,2026-03-20 18:08:51,2026-03-20T18:08:51.500068Z,0
302,Søstrene Grene,DK,,-,-,,LinkedIn,NAV/BC Konsulent jobopslag,3,LinkedIn,,2026-03-20T18:08:51.500081Z,2026-03-20 18:08:51,2026-03-20T18:08:51.500083Z,0
303,Matriks Consulting,DK,,-,-,,LinkedIn,Specialister i NAV → BC migration,3,LinkedIn,,2026-03-20T18:08:51.500098Z,2026-03-20 18:08:51,2026-03-20T18:08:51.500100Z,0
304,Visuel Data,DK,,-,-,,LinkedIn,Power BI til Navision,3,LinkedIn,,2026-03-20T18:08:51.500114Z,2026-03-20 18:08:51,2026-03-20T18:08:51.500116Z,0
305,MDC Nordic,DK,,-,-,,Partner,Navision Stat specialister,5,Partner,,2026-03-20T18:08:51.500129Z,2026-03-20 18:08:51,2026-03-20T18:08:51.500131Z,0
306,NAV Gruppen,DK,,-,-,,Partner,NAV specialister,4,Partner,,2026-03-20T18:08:51.500157Z,2026-03-20 18:08:51,2026-03-20T18:08:51.500159Z,0
307,Obtain,DK,,-,-,,Partner,Microsoft partner,4,Partner,,2026-03-20T18:08:51.500172Z,2026-03-20 18:08:51,2026-03-20T18:08:51.500174Z,0
308,Udbetaling Danmark,DK,,-,-,,Navision Stat,Offentlig,5,Navision Stat,,2026-03-20T18:08:51.500188Z,2026-03-20 18:08:51,2026-03-20T18:08:51.500189Z,0
309,Aarhus Professionshøjskole,DK,,-,-,,Navision Stat,Uddannelse,5,Navision Stat,,2026-03-20T18:08:51.500202Z,2026-03-20 18:08:51,2026-03-20T18:08:51.500204Z,0
310,UC Syd,DK,,-,-,,Navision Stat,Uddannelse,5,Navision Stat,,2026-03-20T18:08:51.500218Z,2026-03-20 18:08:51,2026-03-20T18:08:51.500219Z,0
311,UC Nordjylland,DK,,-,-,,Navision Stat,Uddannelse,5,Navision Stat,,2026-03-20T18:08:51.500233Z,2026-03-20 18:08:51,2026-03-20T18:08:51.500234Z,0
312,UC Sjælland,DK,,-,-,,Navision Stat,Uddannelse,5,Navision Stat,,2026-03-20T18:08:51.500247Z,2026-03-20 18:08:51,2026-03-20T18:08:51.500249Z,0
313,Deichmann Planter (Rentokil),DK,,-,-,,LinkedIn,Overgår til NAV BC i 2026 - bruger NAV nu,3,LinkedIn,,2026-03-20T18:08:51.500262Z,2026-03-20 18:08:51,2026-03-20T18:08:51.500264Z,0
314,EET Group,DK,,-,-,,LinkedIn,Kendskab til Navision en fordel,3,LinkedIn,,2026-03-20T18:08:51.500278Z,2026-03-20 18:08:51,2026-03-20T18:08:51.500279Z,0
315,DK Company,DK,,-,-,,Jobindex,Kendskab til Navision en fordel,3,Jobindex,,2026-03-20T18:08:51.500293Z,2026-03-20 18:08:51,2026-03-20T18:08:51.500294Z,0
316,Trolle Projects,DK,,-,-,,Facebook,Kendskab til Navision en fordel,3,Facebook,,2026-03-20T18:08:51.500307Z,2026-03-20 18:08:51,2026-03-20T18:08:51.500309Z,0
317,Vestas,DK,https://twentyfour.dk/integrationer/microsoft-dynamics-nav/,Energi/Vindmøller,7000+,,Case Study,Global vindmøllekoncern,3,Case Study,https://twentyfour.dk/integrationer/microsoft-dynamics-nav/,2026-03-20T18:08:51.500323Z,2026-03-20 18:08:51,2026-03-20T18:08:51.500324Z,1
318,Carlsberg,DK,https://download.microsoft.com/download/1/D/D/1DDD514A-B0BC-4E58-8A2A-A22166932E33/Case%20Carlsberg.pdf,Bryggeri,41000,,Case Study,Carlsberg's Asian expansion - NAV med Drink-IT fra NORRIQ,4,Case Study,https://download.microsoft.com/download/1/D/D/1DDD514A-B0BC-4E58-8A2A-A22166932E33/Case%20Carlsberg.pdf,2026-03-20T18:08:51.500344Z,2026-03-20 18:08:51,2026-03-20T18:08:51.500346Z,1
319,Ole Jepsen A/S,DK,,-,-,,TheirStack,Entreprenør,3,TheirStack,,2026-03-20T18:08:51.500362Z,2026-03-20 18:08:51,2026-03-20T18:08:51.500363Z,1
320,Bigadan A/S,DK,,-,-,,TheirStack,Biogas/Grøn energi,3,TheirStack,,2026-03-20T18:08:51.500383Z,2026-03-20 18:08:51,2026-03-20T18:08:51.500385Z,1
321,JHP (J.H. Poulsen),DK,,-,-,,TheirStack,Planter/Grøn,3,TheirStack,,2026-03-20T18:08:51.500401Z,2026-03-20 18:08:51,2026-03-20T18:08:51.500403Z,1
322,F&H Group A/S,DK,,-,-,,TheirStack,Kitchen Living Dining,3,TheirStack,,2026-03-20T18:08:51.500417Z,2026-03-20 18:08:51,2026-03-20T18:08:51.500419Z,1
323,Tinglysningen,DK,,-,-,,Jobindex,Advokatsekretær med Navision/Cap Legal erfaring,3,Jobindex,,2026-03-20T18:08:51.500433Z,2026-03-20 18:08:51,2026-03-20T18:08:51.500435Z,0
324,Geia Food A/S,DK,https://jcd.dk/cases,Fødevarer,-,,JCD Case,IT infrastruktur + NAV integration,3,JCD Case,https://jcd.dk/cases,2026-03-20T18:08:51.500448Z,2026-03-20 18:08:51,2026-03-20T18:08:51.500450Z,0
325,Fårup Sommerland,DK,https://jcd.dk/cases,Forlystelser/Turisme,-,,JCD Case,"90+ POSer, 30 salgssteder - stor installation",3,JCD Case,https://jcd.dk/cases,2026-03-20T18:08:51.500466Z,2026-03-20 18:08:51,2026-03-20T18:08:51.500468Z,0
326,Natural Brande,DK,https://jcd.dk/cases,Fødevarer,-,,JCD Case,Opgraderet fra NAV til BC - havde NAV før,3,JCD Case,https://jcd.dk/cases,2026-03-20T18:08:51.500484Z,2026-03-20 18:08:51,2026-03-20T18:08:51.500486Z,0
327,Nordsøen Oceanarium,DK,https://jcd.dk/cases,Turisme/Museum,-,,JCD Case,Opgraderet fra NAV til BC - havde NAV før,3,JCD Case,https://jcd.dk/cases,2026-03-20T18:08:51.500506Z,2026-03-20 18:08:51,2026-03-20T18:08:51.500508Z,0
328,A/S N.P. Trucks,DK,https://insightsoftware.com/customer-stories/n-p-trucks/,Transport/Trucks,-,,Jet Reports case study,"40+ serviceteknikere, Jet Reports integration",3,Jet Reports case study,https://insightsoftware.com/customer-stories/n-p-trucks/,2026-03-20T18:08:51.500526Z,2026-03-20 18:08:51,2026-03-20T18:08:51.500528Z,0
329,Elbi Electric,DK,https://dynamicweb.com/customers?Integration=DynamicsNAV,El/Bygge,-,,DynamicWeb case,e-commerce integration + automatisk ordrebehandling,3,DynamicWeb case,https://dynamicweb.com/customers?Integration=DynamicsNAV,2026-03-20T18:08:51.500555Z,2026-03-20 18:08:51,2026-03-20T18:08:51.500557Z,0
330,Randers Tegl,DK,https://dynamicweb.com/customers?Integration=DynamicsNAV,Byggevarer,-,,DynamicWeb case,"B2B/B2C e-commerce, 5 sprog",3,DynamicWeb case,https://dynamicweb.com/customers?Integration=DynamicsNAV,2026-03-20T18:08:51.500571Z,2026-03-20 18:08:51,2026-03-20T18:08:51.500573Z,0
331,Dantherm Group,DK,https://dynamicweb.com/customers?Integration=DynamicsNAV,HVAC/Luftteknik,-,,DynamicWeb case,Sparesdele portal,3,DynamicWeb case,https://dynamicweb.com/customers?Integration=DynamicsNAV,2026-03-20T18:08:51.500586Z,2026-03-20 18:08:51,2026-03-20T18:08:51.500588Z,0
332,Lauridsen,DK,https://dynamicweb.com/customers?Integration=DynamicsNAV,Fotografi/El,-,,DynamicWeb case,"3 webshops, 2 PIM",3,DynamicWeb case,https://dynamicweb.com/customers?Integration=DynamicsNAV,2026-03-20T18:08:51.500601Z,2026-03-20 18:08:51,2026-03-20T18:08:51.500603Z,0
333,Gasa Group,DK,https://dynamicweb.com/customers?Integration=DynamicsNAV,Gas/Brændstof,-,,DynamicWeb case,"60M priser, 1.500 forhandlere, 17 lande",3,DynamicWeb case,https://dynamicweb.com/customers?Integration=DynamicsNAV,2026-03-20T18:08:51.500616Z,2026-03-20 18:08:51,2026-03-20T18:08:51.500618Z,0
334,Scanpan,DK,https://dynamicweb.com/customers?Integration=DynamicsNAV,Køkken/Bestik,-,,DynamicWeb case,"400% indtægtsvækst, 90% konvertering",3,DynamicWeb case,https://dynamicweb.com/customers?Integration=DynamicsNAV,2026-03-20T18:08:51.500631Z,2026-03-20 18:08:51,2026-03-20T18:08:51.500633Z,0
335,Flying Tiger Copenhagen,DK,https://dynamicweb.com/customers?Integration=DynamicsNAV,Detail,-,,DynamicWeb case,"25.000 produkter, 900 butikker",3,DynamicWeb case,https://dynamicweb.com/customers?Integration=DynamicsNAV,2026-03-20T18:08:51.500647Z,2026-03-20 18:08:51,2026-03-20T18:08:51.500648Z,0
336,BHG Department Stores,DK,https://dynamicweb.com/customers?Integration=DynamicsNAV,Detail,-,,DynamicWeb case,Kunde-centreret e-handel løsning,3,DynamicWeb case,https://dynamicweb.com/customers?Integration=DynamicsNAV,2026-03-20T18:08:51.500662Z,2026-03-20 18:08:51,2026-03-20T18:08:51.500664Z,0
337,Interspiro,DK,https://dynamicweb.com/customers?Integration=DynamicsNAV,Sikkerhedsudstyr,-,,DynamicWeb case,B2B e-commerce + Navision integration,3,DynamicWeb case,https://dynamicweb.com/customers?Integration=DynamicsNAV,2026-03-20T18:08:51.500677Z,2026-03-20 18:08:51,2026-03-20T18:08:51.500679Z,0
338,Frellsen,DK,https://dynamicweb.com/customers?Integration=DynamicsNAV,Byggevarer,-,,DynamicWeb case,Moderne web platform,3,DynamicWeb case,https://dynamicweb.com/customers?Integration=DynamicsNAV,2026-03-20T18:08:51.500692Z,2026-03-20 18:08:51,2026-03-20T18:08:51.500694Z,0
339,Storcash,DK,https://dynamicweb.com/customers?Integration=DynamicsNAV,Finans/IT,-,,DynamicWeb case,eCommerce + PIM system,3,DynamicWeb case,https://dynamicweb.com/customers?Integration=DynamicsNAV,2026-03-20T18:08:51.500720Z,2026-03-20 18:08:51,2026-03-20T18:08:51.500722Z,0
340,Ellingsen Group,DK,https://dynamicweb.com/customers?Integration=DynamicsNAV,Byggevarer,-,,DynamicWeb case,3 virksomheder på 1 platform,3,DynamicWeb case,https://dynamicweb.com/customers?Integration=DynamicsNAV,2026-03-20T18:08:51.500736Z,2026-03-20 18:08:51,2026-03-20T18:08:51.500738Z,0
341,Møblér,DK,https://dynamicweb.com/customers?Integration=DynamicsNAV,Møbler,-,,DynamicWeb case,Webshop + PIM,3,DynamicWeb case,https://dynamicweb.com/customers?Integration=DynamicsNAV,2026-03-20T18:08:51.500753Z,2026-03-20 18:08:51,2026-03-20T18:08:51.500754Z,0
342,Actona,DK,https://dynamicweb.com/customers?Integration=DynamicsNAV,Detail/Klæder,-,,DynamicWeb case,"8.000 varer, 3 sprog, 70.000 priser",3,DynamicWeb case,https://dynamicweb.com/customers?Integration=DynamicsNAV,2026-03-20T18:08:51.500783Z,2026-03-20 18:08:51,2026-03-20T18:08:51.500785Z,0
343,Wine.dk,DK,https://dynamicweb.com/customers?Integration=DynamicsNAV,Vin/Detail,-,,DynamicWeb case,B2C webshop med C5 integration,3,DynamicWeb case,https://dynamicweb.com/customers?Integration=DynamicsNAV,2026-03-20T18:08:51.500799Z,2026-03-20 18:08:51,2026-03-20T18:08:51.500801Z,0
